Id	Type	OpenType	ContactsId	IsMultiple	Priority	RewardId	AwardId	FirstStepId	QuestId	ConditionIds[1]	ConditionIds[2]
1001	1	2	101	0	3	0	0	20	0		
1002	2	2	102	0	0	0	0	25	0		
200101	1	2	103	0	0	0	0	31	0		
200102	1	2	104	0	0	0	0	42	0		
200103	1	2	118	0	0	0	0	20010301	0		
200104	3	2	106	0	0	0	0	64	0		
200105	3	2	107	0	0	0	0	83	0		
200106	1	2	104	0	0	0	0	20010401	0		
100101	1	2	102	0	0	0	0	10010101	0		
100102	1	2	102	0	0	0	0	10010201	0		
100103	1	2	102	0	0	0	0	10010301	0		
100104	1	2	102	0	0	0	0	10010401	0		
200301	1	2	114	0	0	0	0	20030101	0		
200302	1	2	116	0	0	0	0	20030201	0		
200303	1	2	114	0	0	0	0	20030301	0		
200304	1	2	116	0	0	0	0	20030401	0		
200201	1	2	115	0	0	0	0	20020101	0		
200202	1	2	115	0	0	0	0	20020201	0		
200203	1	2	120	0	0	0	0	20020301	0		
300401	2	2	114	0	0	0	0	30040101	3004		
300501	1	2	119	0	0	0	0	30050101	0		
100201	1	2	121	0	0	0	0	10020101	0		
201001	1	2	131	0	0	0	0	20100101	0		
201201	1	2	103	0	0	0	0	20120101	0		
201101	1	2	124	0	0	0	0	20110101	0		
201102	1	2	123	0	0	0	0	20110201	0		
201301	1	2	104	0	0	0	0	20130101	0		
201302	1	2	123	0	0	0	0	20130201	0		
201303	1	2	123	0	0	0	0	20130301	0		
201401	1	2	124	0	0	0	0	20140101	0		
201402	1	2	104	0	0	0	0	20140201	0		
201403	1	2	126	0	0	0	0	20140301	0		
200701	1	2	128	0	0	0	0	20070101	0		
200901	1	2	115	0	0	0	0	20090101	0		
201404	1	2	124	0	0	0	0	20140401	0		
201405	1	2	130	0	0	0	0	20140501	0		
700301	1	2	102	0	0	0	0	70030101	0		
201601	1	2	132	0	0	0	0	20160101	0		
302001	2	2	133	0	0	0	0	30200101	0		
201501	1	2	134	0	0	0	0	20150101	0		
200601	1	2	122	0	0	0	0	20060101	0		
200801	1	2	127	0	0	0	0	20080101	0		
700302	1	2	135	0	0	0	0	70030201	0		
