Id	PositionX	PositionY	PositionZ	RotationX	RotationY	RotationZ	ScaleX	ScaleY	ScaleZ
3014006	-177.0	-84.0	20.0	0.0	0.0	0.0	1.0	1.0	1.0
3024006	-177.0	-84.0	20.0	0.0	0.0	0.0	1.0	1.0	1.0
3034006	-177.0	-84.0	20.0	0.0	0.0	0.0	1.0	1.0	1.0
3044006	-177.0	-84.0	20.0	0.0	0.0	0.0	1.0	1.0	1.0
3054006	-177.0	-84.0	20.0	0.0	0.0	0.0	1.0	1.0	1.0
3064006	-177.0	-84.0	20.0	0.0	0.0	0.0	1.0	1.0	1.0
3015009	141.0	-229.0	20.0	0.0	0.0	0.0	1.1	1.1	1.1
3025009	-30.0	-138.0	20.0	0.0	0.0	0.0	0.8999	0.8999	0.8999
3035009	-38.0	-334.0	20.0	0.0	0.0	0.0	1.2	1.2	1.2
3045009	141.0	-229.0	20.0	0.0	0.0	0.0	1.1	1.1	1.1
3055009	-30.0	-138.0	20.0	0.0	0.0	0.0	0.8999	0.8999	0.8999
3065009	-38.0	-334.0	20.0	0.0	0.0	0.0	1.2	1.2	1.2
3014004	-20.0	-65.0	20.0	0.0	0.0	0.0	0.8999	0.8999	0.8999
3024004	-20.0	-65.0	20.0	0.0	0.0	0.0	0.8999	0.8999	0.8999
3034004	-20.0	-65.0	20.0	0.0	0.0	0.0	0.8999	0.8999	0.8999
3044004	-20.0	-65.0	20.0	0.0	0.0	0.0	0.8999	0.8999	0.8999
3054004	-20.0	-65.0	20.0	0.0	0.0	0.0	0.8999	0.8999	0.8999
3064004	-20.0	-65.0	20.0	0.0	0.0	0.0	0.8999	0.8999	0.8999
3014003	0.0	-211.0	20.0	0.0	0.0	0.0	1.0	1.0	1.0
3024003	0.0	-211.0	20.0	0.0	0.0	0.0	1.0	1.0	1.0
3034003	0.0	-211.0	20.0	0.0	0.0	0.0	1.0	1.0	1.0
3044003	0.0	-211.0	20.0	0.0	0.0	0.0	1.0	1.0	1.0
3054003	0.0	-211.0	20.0	0.0	0.0	0.0	1.0	1.0	1.0
3064003	0.0	-211.0	20.0	0.0	0.0	0.0	1.0	1.0	1.0
3014002	-27.0	-47.0	20.0	0.0	0.0	0.0	0.8	0.8	0.8
3024002	-27.0	-47.0	20.0	0.0	0.0	0.0	0.8	0.8	0.8
3034002	-27.0	-47.0	20.0	0.0	0.0	0.0	0.8	0.8	0.8
3044002	-27.0	-47.0	20.0	0.0	0.0	0.0	0.8	0.8	0.8
3054002	-27.0	-47.0	20.0	0.0	0.0	0.0	0.8	0.8	0.8
3064002	-27.0	-47.0	20.0	0.0	0.0	0.0	0.8	0.8	0.8
3014001	-64.0	-95.0	20.0	0.0	0.0	0.0	0.8	0.8	0.8
3024001	-64.0	-95.0	20.0	0.0	0.0	0.0	0.8	0.8	0.8
3034001	-64.0	-95.0	20.0	0.0	0.0	0.0	0.8	0.8	0.8
3044001	-64.0	-95.0	20.0	0.0	0.0	0.0	0.8	0.8	0.8
3054001	-64.0	-95.0	20.0	0.0	0.0	0.0	0.8	0.8	0.8
3064001	-64.0	-95.0	20.0	0.0	0.0	0.0	0.8	0.8	0.8
3013002	-72.0	-157.0	20.0	0.0	0.0	0.0	1.0	1.0	1.0
3023002	-72.0	-157.0	20.0	0.0	0.0	0.0	1.0	1.0	1.0
3033002	-72.0	-157.0	20.0	0.0	0.0	0.0	1.0	1.0	1.0
3043002	-72.0	-157.0	20.0	0.0	0.0	0.0	1.0	1.0	1.0
3053002	-72.0	-157.0	20.0	0.0	0.0	0.0	1.0	1.0	1.0
3063002	-72.0	-157.0	20.0	0.0	0.0	0.0	1.0	1.0	1.0
3013001	47.0	-235.0	20.0	0.0	0.0	0.0	1.0	1.0	1.0
3023001	47.0	-235.0	20.0	0.0	0.0	0.0	1.0	1.0	1.0
3033001	47.0	-235.0	20.0	0.0	0.0	0.0	1.0	1.0	1.0
3043001	47.0	-235.0	20.0	0.0	0.0	0.0	1.0	1.0	1.0
3053001	47.0	-235.0	20.0	0.0	0.0	0.0	1.0	1.0	1.0
3063001	47.0	-235.0	20.0	0.0	0.0	0.0	1.0	1.0	1.0
3012001	-50.0	-298.0	20.0	0.0	0.0	0.0	1.1	1.1	1.1
3022001	-50.0	-298.0	20.0	0.0	0.0	0.0	1.1	1.1	1.1
3032001	-50.0	-298.0	20.0	0.0	0.0	0.0	1.1	1.1	1.1
3042001	-50.0	-298.0	20.0	0.0	0.0	0.0	1.1	1.1	1.1
3052001	-50.0	-298.0	20.0	0.0	0.0	0.0	1.1	1.1	1.1
3062001	-50.0	-298.0	20.0	0.0	0.0	0.0	1.1	1.1	1.1
