Id	SignId	Pre	Round	Day	RewardType	RewardId	ShowRewardId	IsGrandPrix
1	1	1	1	1	1	5000	5000	
2	1	2	1	2	1	5001	5001	
3	1	3	1	3	1	5002	5002	
4	1	4	1	4	1	5003	5003	
5	1	5	1	5	1	5004	5004	
6	1	6	1	6	1	5005	5005	
7	1	7	1	7	1	5006	5006	1
8	1	8	1	8	1	5007	5007	
9	1	9	1	9	1	5008	5008	
10	1	10	1	10	1	5009	5009	
11	1	11	1	11	1	5010	5010	
12	1	12	1	12	1	5011	5011	
13	1	13	1	13	1	5012	5012	
14	1	14	1	14	1	5013	5013	1
15	1	15	1	15	1	5014	5014	
16	1	16	1	16	1	5015	5015	
17	1	17	1	17	1	5016	5016	
18	1	18	1	18	1	5017	5017	
19	1	19	1	19	1	5018	5018	
20	1	20	1	20	1	5019	5019	
21	1	21	1	21	1	5020	5020	1
22	1	22	1	22	1	5021	5021	
23	1	23	1	23	1	5022	5022	
24	1	24	1	24	1	5023	5023	
25	1	25	1	25	1	5024	5024	
26	1	26	1	26	1	5025	5025	
27	1	27	1	27	1	5026	5026	
28	1	28	1	28	1	5027	5027	1
654	114	1	1	1	1	69239	69239	
655	114	2	1	2	1	69240	69240	
656	114	3	1	3	1	69241	69241	
657	114	4	1	4	1	69242	69242	
658	114	5	1	5	1	69243	69243	
659	114	6	1	6	1	69244	69244	
660	114	7	1	7	1	69245	69245	1
661	115	1	1	1	1	69436	69436	
662	115	2	1	2	1	69437	69437	
663	115	3	1	3	1	69438	69438	
664	115	4	1	4	1	69439	69439	
665	115	5	1	5	1	69440	69440	
666	115	6	1	6	1	69441	69441	
667	115	7	1	7	1	69442	69442	1
668	116	1	1	1	1	69389	69389	1
669	116	2	1	2	1	69390	69390	0
670	116	3	1	3	1	69391	69391	0
671	116	4	1	4	1	69392	69392	0
672	116	5	1	5	1	69393	69393	0
673	116	6	1	6	1	69395	69395	0
674	116	7	1	7	1	69394	69394	0
675	116	1	2	1	1	69396	69396	0
676	116	2	2	2	1	69397	69397	0
677	116	3	2	3	1	69398	69398	0
678	116	4	2	4	1	69399	69399	0
679	116	5	2	5	1	69400	69400	0
680	116	6	2	6	1	69401	69401	0
681	116	7	2	7	1	69402	69402	0
682	117	1	1	1	1	69523	69523	0
683	117	2	1	2	1	69524	69524	0
684	117	3	1	3	1	69525	69525	0
685	117	4	1	4	1	69526	69526	0
686	117	5	1	5	1	69527	69527	0
687	117	6	1	6	1	69528	69528	0
688	117	7	1	7	1	69529	69529	1
689	118	1	1	1	1	69530	69530	0
690	118	2	1	2	1	69531	69531	0
691	118	3	1	3	1	69532	69532	0
