Id	GroupId	UsableTimes	TemplateId	Count	Weight	Rare	RewardType
1	1	1	1081003	1	100	1	0
2	1	1	2085002	1	200	1	0
3	1	1	9091002	1	400	1	0
4	1	1	6000504	1	400	1	0
5	1	1	80001	1	700	1	0
6	1	1	3045052	1	700	1	0
7	2	10	30013	1	833	0	0
8	2	8	12	5	625	0	0
9	2	16	1	20000	585	0	0
10	2	5	2994001	1	1904	0	0
11	2	10	3914001	1	2857	0	0
12	2	10	40100	2	1500	0	0
13	2	5	40103	1	3000	0	1
14	2	10	40104	2	1125	0	0
15	2	10	40110	1	750	0	0
16	2	5	40113	1	750	0	0
17	2	5	40114	1	2250	0	0
18	3	1	6310205	1	50	1	0
19	3	1	9010220	1	800	1	0
20	3	1	80005	1	250	1	0
21	3	1	3015053	1	1400	1	0
22	3	1	3025053	1	1400	1	0
23	3	1	3035053	1	1400	1	0
24	3	1	3045053	1	1400	1	0
25	3	1	3055053	1	1400	1	0
26	3	1	3065053	1	1400	1	0
27	3	1	1031002	1	500	1	0
28	4	1	31204	2	1000	0	1
29	4	1	31104	2	1000	0	1
30	4	1	30013	2	250	0	1
31	4	1	40110	2	150	0	1
32	4	1	40114	2	150	0	1
33	4	1	40113	2	150	0	1
34	4	1	90014	2	90	0	1
35	5	1	6410306	1	50	1	0
36	5	1	80006	1	4000	1	0
37	5	1	50003	2500	975	1	0
38	5	1	50005	2500	975	1	0
39	5	1	9010219	1	4000	1	0
40	6	1	31204	2	1000	0	1
41	6	1	31104	2	1000	0	1
42	6	1	30013	2	500	0	1
43	6	1	40110	2	300	0	1
44	6	1	40114	2	300	0	1
45	6	1	40113	2	300	0	1
46	6	1	90014	2	100	0	1
47	7	3	12	1	100	0	0
48	7	3	30013	1	100	0	0
49	7	4	1	6000	100	0	0
50	7	3	31204	1	100	0	0
51	7	3	31104	1	100	0	0
52	7	3	40100	1	100	0	0
53	7	3	40104	1	100	0	0
54	7	3	40103	1	100	0	0
55	7	1	40110	1	100	0	0
56	7	1	40114	1	100	0	0
57	7	1	40113	1	100	0	0
58	7	3	30111	1	100	0	0
59	7	1	30113	1	100	0	0
60	7	3	40200	1	100	0	0
61	7	1	40201	1	100	0	0
62	7	3	40301	1	100	0	0
63	8	1	8950001	1	100	1	0
64	8	5	32	5	100	1	0
65	8	5	50000	50	100	1	0
66	9	3	12	1	100	0	0
67	9	3	30013	1	100	0	0
68	9	4	1	6000	100	0	0
69	9	3	31204	1	100	0	0
70	9	3	31104	1	100	0	0
71	9	3	40100	1	100	0	0
72	9	3	40104	1	100	0	0
73	9	3	40103	1	100	0	0
74	9	1	40110	1	100	0	0
75	9	1	40114	1	100	0	0
76	9	1	40113	1	100	0	0
77	9	3	30111	1	100	0	0
78	9	1	30113	1	100	0	0
79	9	3	40200	1	100	0	0
80	9	1	40201	1	100	0	0
81	9	3	40301	1	100	0	0
82	10	1	8950003	1	100	1	0
83	10	5	32	5	100	1	0
84	10	5	50000	50	100	1	0
85	11	3	12	1	100	0	0
86	11	3	30013	1	100	0	0
87	11	4	1	6000	100	0	0
88	11	3	31204	1	100	0	0
89	11	3	31104	1	100	0	0
90	11	3	40100	1	100	0	0
91	11	3	40104	1	100	0	0
92	11	3	40103	1	100	0	0
93	11	2	40110	1	100	0	0
94	11	2	40114	1	100	0	0
95	11	2	40113	1	100	0	0
96	11	3	30111	1	100	0	0
97	11	2	30113	1	100	0	0
98	11	3	40200	1	100	0	0
99	11	1	40201	1	100	0	0
100	11	3	40301	1	100	0	0
101	12	1	8950007	1	100	1	0
102	12	1	81001	1	100	1	0
103	12	5	50005	50	100	1	0
104	13	3	12	1	100	0	0
105	13	3	30013	1	100	0	0
106	13	2	1	6000	100	0	0
107	13	3	31204	1	100	0	0
108	13	3	31104	1	100	0	0
109	13	3	40100	1	100	0	0
110	13	3	40104	1	100	0	0
111	13	3	40103	1	100	0	0
112	13	1	40110	1	100	0	0
113	13	1	40114	1	100	0	0
114	13	1	40113	1	100	0	0
115	13	3	30111	1	100	0	0
116	13	1	30113	1	100	0	0
117	13	3	40200	1	100	0	0
118	13	1	40201	1	100	0	0
119	13	3	40301	1	100	0	0
120	14	1	8950008	1	100	1	0
121	14	1	8950009	1	100	1	0
122	14	1	6903201	1	100	1	0
123	15	3	12	2	100	0	0
124	15	3	30013	2	100	0	0
125	15	4	1	6000	100	0	0
126	15	3	31204	3	100	0	0
127	15	3	31104	3	100	0	0
128	15	3	40100	3	100	0	0
129	15	3	40104	3	100	0	0
130	15	3	40103	3	100	0	0
131	15	1	40110	2	100	0	0
132	15	1	40114	2	100	0	0
133	15	1	40113	2	100	0	0
134	15	3	30111	3	100	0	0
135	15	1	30113	2	100	0	0
136	15	3	40200	3	100	0	0
137	15	1	40201	3	100	0	0
138	15	7	40301	2	100	0	0
139	16	5	50000	50	100	1	0
140	16	5	50005	50	100	1	0
142	17	4	12	2	100	0	0
143	17	4	30013	2	100	0	0
144	17	4	1	6000	100	0	0
145	17	3	31204	3	100	0	0
146	17	3	31104	3	100	0	0
147	17	3	40100	3	100	0	0
148	17	3	40104	3	100	0	0
149	17	3	40103	3	100	0	0
150	17	1	40110	2	100	0	0
151	17	1	40114	2	100	0	0
152	17	1	40113	2	100	0	0
153	17	3	30111	3	100	0	0
154	17	1	30113	2	100	0	0
155	17	3	40200	3	100	0	0
156	17	1	40201	3	100	0	0
157	17	8	40301	2	100	0	0
158	18	5	50005	50	100	1	0
159	18	1	9010228	1	100	1	0
161	19	4	12	2	100	0	0
162	19	4	30013	2	100	0	0
163	19	4	1	6000	100	0	0
164	19	3	31204	3	100	0	0
165	19	3	31104	3	100	0	0
166	19	3	40100	3	100	0	0
167	19	3	40104	3	100	0	0
168	19	3	40103	3	100	0	0
169	19	1	40110	2	100	0	0
170	19	1	40114	2	100	0	0
171	19	1	40113	2	100	0	0
172	19	3	30111	3	100	0	0
173	19	1	30113	2	100	0	0
174	19	3	40200	3	100	0	0
175	19	1	40201	3	100	0	0
176	19	8	40301	2	100	0	0
177	20	5	50003	50	100	1	0
178	20	1	6001305	1	100	1	0
179	21	3	12	3	100	0	0
180	21	3	30013	3	100	0	0
181	21	4	1	6000	100	0	0
182	21	3	31204	2	100	0	0
183	21	3	31104	2	100	0	0
184	21	3	40100	2	100	0	0
185	21	3	40104	2	100	0	0
186	21	3	40103	2	100	0	0
187	21	1	40110	2	100	0	0
188	21	1	40114	2	100	0	0
189	21	1	40113	2	100	0	0
190	21	3	30111	1	100	0	0
191	21	1	30113	1	100	0	0
192	21	3	40200	1	100	0	0
193	21	1	40201	1	100	0	0
194	21	3	40301	1	100	0	0
195	22	1	8981601	1	100	1	0
196	22	5	102	40	100	1	0
197	22	5	50005	50	100	1	0
198	23	3	12	3	100	0	0
199	23	3	30013	3	100	0	0
200	23	3	1	6000	100	0	0
201	23	3	31204	2	100	0	0
202	23	3	31104	2	100	0	0
203	23	3	40100	2	100	0	0
204	23	3	40104	2	100	0	0
205	23	3	40103	2	100	0	0
206	23	1	40110	2	100	0	0
207	23	1	40114	2	100	0	0
208	23	1	40113	2	100	0	0
209	23	3	30111	1	100	0	0
210	23	1	30113	1	100	0	0
211	23	3	40200	1	100	0	0
212	23	1	40201	1	100	0	0
213	23	3	40301	1	100	0	0
214	24	1	8981602	1	100	1	0
215	24	5	102	40	100	1	0
216	24	5	50003	50	100	1	0
217	24	1	6000106	1	100	1	0
218	25	3	12	3	100	0	0
219	25	3	30013	3	100	0	0
220	25	4	1	6000	100	0	0
221	25	3	31204	2	100	0	0
222	25	3	31104	2	100	0	0
223	25	3	40100	2	100	0	0
224	25	3	40104	2	100	0	0
225	25	3	40103	2	100	0	0
226	25	1	40110	2	100	0	0
227	25	1	40114	2	100	0	0
228	25	1	40113	2	100	0	0
229	25	3	30111	1	100	0	0
230	25	1	30113	1	100	0	0
231	25	3	40200	1	100	0	0
232	25	1	40201	1	100	0	0
233	25	3	40301	1	100	0	0
234	26	1	8981603	1	100	1	0
235	26	5	102	40	100	1	0
236	26	5	50009	50	100	1	0
237	27	3	12	3	100	0	0
238	27	3	30013	3	100	0	0
239	27	7	1	6000	100	0	0
240	27	3	31204	2	100	0	0
241	27	3	31104	2	100	0	0
242	27	3	40100	2	100	0	0
243	27	3	40104	2	100	0	0
244	27	3	40103	2	100	0	0
245	27	1	40110	2	100	0	0
246	27	1	40114	2	100	0	0
247	27	1	40113	2	100	0	0
248	27	3	30111	1	100	0	0
249	27	1	30113	1	100	0	0
250	27	3	40200	1	100	0	0
251	27	1	40201	1	100	0	0
252	27	3	40301	1	100	0	0
253	28	1	8981604	1	100	1	0
254	28	1	8981605	1	100	1	0
255	28	1	8981606	1	100	1	0
256	28	5	102	40	100	1	0
257	29	1	14000005	1	50	1	0
258	29	1	6002505	1	350	1	0
259	29	1	50005	2500	3200	1	0
260	29	1	50003	2500	3200	1	0
261	29	1	3002	1	3200	1	0
262	30	1	31204	8	700	0	1
263	30	1	31104	4	700	0	1
264	30	1	30013	4	400	0	1
265	30	1	40110	6	350	0	1
266	30	1	40114	6	350	0	1
267	30	1	40113	6	350	0	1
268	30	1	90014	2	150	0	1
269	30	1	40201	4	350	0	1
270	30	1	40301	6	350	0	1
271	31	1	14000005	1	50	1	0
272	31	1	6002505	1	350	1	0
273	31	1	50005	2500	3200	1	0
274	31	1	50003	2500	3200	1	0
275	31	1	3002	1	3200	1	0
276	32	1	31204	8	700	0	1
277	32	1	31104	4	700	0	1
278	32	1	30013	4	400	0	1
279	32	1	40110	6	350	0	1
280	32	1	40114	6	350	0	1
281	32	1	40113	6	350	0	1
282	32	1	90014	2	150	0	1
283	32	1	40201	4	350	0	1
284	32	1	40301	6	350	0	1
285	33	1	14000007	1	50	1	0
286	33	1	6003405	1	350	1	0
287	33	1	50005	2500	3200	1	0
288	33	1	50003	2500	3200	1	0
289	33	1	3002	1	3200	1	0
290	34	1	31204	8	700	0	1
291	34	1	31104	4	700	0	1
292	34	1	30013	4	400	0	1
293	34	1	40110	6	350	0	1
294	34	1	40114	6	350	0	1
295	34	1	40113	6	350	0	1
296	34	1	90014	2	150	0	1
297	34	1	40201	4	350	0	1
298	34	1	40301	6	350	0	1
299	35	1	14000008	1	50	1	0
300	35	1	6002907	1	350	1	0
301	35	1	50005	2500	3200	1	0
302	35	1	50003	2500	3200	1	0
303	35	1	3002	1	3200	1	0
304	36	1	31204	8	700	0	1
305	36	1	31104	4	700	0	1
306	36	1	30013	4	400	0	1
307	36	1	40110	6	350	0	1
308	36	1	40114	6	350	0	1
309	36	1	40113	6	350	0	1
310	36	1	90014	2	150	0	1
311	36	1	40201	4	350	0	1
312	36	1	40301	6	350	0	1
313	37	1	14000007	1	50	1	0
314	37	1	6003405	1	350	1	0
315	37	1	50005	2500	3200	1	0
316	37	1	50003	2500	3200	1	0
317	37	1	3002	1	3200	1	0
318	38	1	31204	8	700	0	1
319	38	1	31104	4	700	0	1
320	38	1	30013	4	400	0	1
321	38	1	40110	6	350	0	1
322	38	1	40114	6	350	0	1
323	38	1	40113	6	350	0	1
324	38	1	90014	2	150	0	1
325	38	1	40201	4	350	0	1
326	38	1	40301	6	350	0	1
327	39	1	14000005	1	50	1	0
328	39	1	6002505	1	350	1	0
329	39	1	50005	2500	3200	1	0
330	39	1	50003	2500	3200	1	0
331	39	1	3002	1	3200	1	0
332	40	1	31204	8	700	0	1
333	40	1	31104	4	700	0	1
334	40	1	30013	4	400	0	1
335	40	1	40110	6	350	0	1
336	40	1	40114	6	350	0	1
337	40	1	40113	6	350	0	1
338	40	1	90014	2	150	0	1
339	40	1	40201	4	350	0	1
340	40	1	40301	6	350	0	1
341	41	1	1331003	1	100	1	0
342	41	1	2516001	1	100	1	0
343	41	1	50135	200	100	1	0
344	42	1	31104	1	100	0	1
345	42	1	31204	3	100	0	1
346	42	1	30012	2	100	0	1
347	42	1	1	5000	100	0	1
348	43	1	1331003	1	100	1	0
349	43	1	50005	1500	100	1	0
350	43	1	50005	1500	100	1	0
351	43	1	50135	250	100	1	0
352	44	1	50135	4	100	0	1
353	45	1	1331003	1	100	1	0
354	45	1	50005	1500	100	1	0
355	45	1	50005	1500	100	1	0
356	45	1	50135	250	100	1	0
357	46	1	50135	4	100	0	1
358	47	1	1331003	1	100	1	0
359	47	1	50005	1500	100	1	0
360	47	1	50005	1500	100	1	0
361	47	1	50135	250	100	1	0
362	48	1	50135	4	100	0	1
363	49	1	1331003	1	100	1	0
364	49	1	50005	1500	100	1	0
365	49	1	50005	1500	100	1	0
366	49	1	50135	250	100	1	0
367	50	1	50135	4	100	0	1
368	51	1	1331003	1	100	1	0
369	51	1	50005	1500	100	1	0
370	51	1	50005	1500	100	1	0
371	51	1	50135	250	100	1	0
372	52	1	50135	4	100	0	1
373	53	1	1331003	1	100	1	0
374	53	1	50005	1500	100	1	0
375	53	1	50005	1500	100	1	0
376	53	1	50135	250	100	1	0
377	54	1	50135	4	100	0	1
378	55	1	1331003	1	100	1	0
379	55	1	50005	1500	100	1	0
380	55	1	50005	1500	100	1	0
381	55	1	50135	250	100	1	0
382	56	1	50135	4	100	0	1
383	57	1	1331003	1	100	1	0
384	57	1	50005	1500	100	1	0
385	57	1	50005	1500	100	1	0
386	57	1	50135	250	100	1	0
387	58	1	50135	4	100	0	1
388	59	1	1331003	1	100	1	0
389	59	1	50005	1500	100	1	0
390	59	1	50005	1500	100	1	0
391	59	1	50135	250	100	1	0
392	60	1	50135	4	100	0	1
393	61	1	1331003	1	100	1	0
394	61	1	50005	1500	100	1	0
395	61	1	50005	1500	100	1	0
396	61	1	50135	250	100	1	0
397	62	1	50135	4	100	0	1
398	63	1	14000011	1	50	1	0
399	63	1	6004305	1	350	1	0
400	63	1	50005	2500	3200	1	0
401	63	1	50003	2500	3200	1	0
402	63	1	3002	1	3200	1	0
403	64	1	31204	8	700	0	1
404	64	1	31104	4	700	0	1
405	64	1	30013	4	400	0	1
406	64	1	40110	6	350	0	1
407	64	1	40114	6	350	0	1
408	64	1	40113	6	350	0	1
409	64	1	90014	2	150	0	1
410	64	1	40201	4	350	0	1
411	64	1	40301	6	350	0	1
412	65	1	14000008	1	50	1	0
413	65	1	6002907	1	350	1	0
414	65	1	50005	2500	3200	1	0
415	65	1	50003	2500	3200	1	0
416	65	1	3002	1	3200	1	0
417	66	1	31204	8	700	0	1
418	66	1	31104	4	700	0	1
419	66	1	30013	4	400	0	1
420	66	1	40110	6	350	0	1
421	66	1	40114	6	350	0	1
422	66	1	40113	6	350	0	1
423	66	1	90014	2	150	0	1
424	66	1	40201	4	350	0	1
425	66	1	40301	6	350	0	1
426	67	1	14000007	1	50	1	0
427	67	1	6003405	1	350	1	0
428	67	1	50005	2500	3200	1	0
429	67	1	50003	2500	3200	1	0
430	67	1	3002	1	3200	1	0
431	68	1	31204	8	700	0	1
432	68	1	31104	4	700	0	1
433	68	1	30013	4	400	0	1
434	68	1	40110	6	350	0	1
435	68	1	40114	6	350	0	1
436	68	1	40113	6	350	0	1
437	68	1	90014	2	150	0	1
438	68	1	40201	4	350	0	1
439	68	1	40301	6	350	0	1
440	69	1	14000005	1	50	1	0
441	69	1	6002505	1	350	1	0
442	69	1	50005	2500	3200	1	0
443	69	1	50003	2500	3200	1	0
444	69	1	3002	1	3200	1	0
445	70	1	31204	8	700	0	1
446	70	1	31104	4	700	0	1
447	70	1	30013	4	400	0	1
448	70	1	40110	6	350	0	1
449	70	1	40114	6	350	0	1
450	70	1	40113	6	350	0	1
451	70	1	90014	2	150	0	1
452	70	1	40201	4	350	0	1
453	70	1	40301	6	350	0	1
454	71	1	14000012	1	50	1	0
455	71	1	6004805	1	350	1	0
456	71	1	50005	2500	3200	1	0
457	71	1	50003	2500	3200	1	0
458	71	1	3002	1	3200	1	0
459	72	1	31204	8	700	0	1
460	72	1	31104	4	700	0	1
461	72	1	30013	4	400	0	1
462	72	1	40110	6	350	0	1
463	72	1	40114	6	350	0	1
464	72	1	40113	6	350	0	1
465	72	1	90014	2	150	0	1
466	72	1	40201	4	350	0	1
467	72	1	40301	6	350	0	1
1001	100001	1	6310205	1	50	1	0
1002	100001	1	9010220	1	800	1	0
1003	100001	1	80005	1	250	1	0
1004	100001	1	3015053	1	1400	1	0
1005	100001	1	3025053	1	1400	1	0
1006	100001	1	3035053	1	1400	1	0
1007	100001	1	3045053	1	1400	1	0
1008	100001	1	3055053	1	1400	1	0
1009	100001	1	3065053	1	1400	1	0
1010	100001	1	1031002	1	500	1	0
1011	100002	1	31204	2	1000	0	1
1012	100002	1	31104	2	1000	0	1
1013	100002	1	30013	2	250	0	1
1014	100002	1	40110	2	150	0	1
1015	100002	1	40114	2	150	0	1
1016	100002	1	40113	2	150	0	1
1017	100002	1	90014	2	90	0	1
1018	100003	1	250025	1	215	1	0
1019	100003	1	50005	2500	322	1	0
1020	100003	1	50000	2500	322	1	0
1021	100003	1	50003	2500	322	1	0
1022	100003	1	260002	1	405	1	0
1023	100003	10	1	100000	500	0	0
1024	100003	7	60002	2	500	0	0
1025	100003	7	60001	3	600	0	0
1026	100003	7	2994001	2	600	0	0
1027	100003	7	3914001	2	600	0	0
1028	100003	7	30013	2	600	0	0
1029	100004	1	250025	1	215	1	0
1030	100004	1	50005	2500	322	1	0
1031	100004	1	50000	2500	322	1	0
1032	100004	1	50003	2500	322	1	0
1033	100004	1	260002	1	405	1	0
1034	100004	10	1	100000	500	0	0
1035	100004	7	60002	2	500	0	0
1036	100004	7	60001	3	600	0	0
1037	100004	7	31104	2	600	0	0
1038	100004	7	31204	2	600	0	0
1039	100004	7	30013	2	600	0	0
1101	11002	1	250025	1	215	1	0
1102	11002	1	50005	2500	322	1	0
1103	11002	1	50000	2500	322	1	0
1104	11002	1	50003	2500	322	1	0
1105	11002	1	260002	1	405	1	0
1106	11002	10	1	100000	500	0	0
1107	11002	7	60002	2	500	0	0
1108	11002	7	60001	3	600	0	0
1109	11002	7	2994001	2	600	0	0
1110	11002	7	3914001	2	600	0	0
1111	11002	7	30013	2	600	0	0
1112	73	1	14000011	1	50	1	0
1113	73	1	6004305	1	350	1	0
1114	73	1	50005	2500	3200	1	0
1115	73	1	50003	2500	3200	1	0
1116	73	1	3002	1	3200	1	0
1117	74	1	31204	8	700	0	1
1118	74	1	31104	4	700	0	1
1119	74	1	30013	4	400	0	1
1120	74	1	40110	6	350	0	1
1121	74	1	40114	6	350	0	1
1122	74	1	40113	6	350	0	1
1123	74	1	90014	2	150	0	1
1124	74	1	40201	4	350	0	1
1125	74	1	40301	6	350	0	1
1126	75	1	14000008	1	50	1	0
1127	75	1	6002907	1	350	1	0
1128	75	1	50005	2500	3200	1	0
1129	75	1	50003	2500	3200	1	0
1130	75	1	3002	1	3200	1	0
1131	76	1	31204	8	700	0	1
1132	76	1	31104	4	700	0	1
1133	76	1	30013	4	400	0	1
1134	76	1	40110	6	350	0	1
1135	76	1	40114	6	350	0	1
1136	76	1	40113	6	350	0	1
1137	76	1	90014	2	150	0	1
1138	76	1	40201	4	350	0	1
1139	76	1	40301	6	350	0	1
1140	77	1	14000007	1	50	1	0
1141	77	1	6003405	1	350	1	0
1142	77	1	50005	2500	3200	1	0
1143	77	1	50003	2500	3200	1	0
1144	77	1	3002	1	3200	1	0
1145	78	1	31204	8	700	0	1
1146	78	1	31104	4	700	0	1
1147	78	1	30013	4	400	0	1
1148	78	1	40110	6	350	0	1
1149	78	1	40114	6	350	0	1
1150	78	1	40113	6	350	0	1
1151	78	1	90014	2	150	0	1
1152	78	1	40201	4	350	0	1
1153	78	1	40301	6	350	0	1
1154	79	1	14000005	1	50	1	0
1155	79	1	6002505	1	350	1	0
1156	79	1	50005	2500	3200	1	0
1157	79	1	50003	2500	3200	1	0
1158	79	1	3002	1	3200	1	0
1159	80	1	31204	8	700	0	1
1160	80	1	31104	4	700	0	1
1161	80	1	30013	4	400	0	1
1162	80	1	40110	6	350	0	1
1163	80	1	40114	6	350	0	1
1164	80	1	40113	6	350	0	1
1165	80	1	90014	2	150	0	1
1166	80	1	40201	4	350	0	1
1167	80	1	40301	6	350	0	1
1168	81	1	14000015	1	50	1	0
1169	81	1	6005305	1	350	1	0
1170	81	1	50005	2500	3200	1	0
1171	81	1	50003	2500	3200	1	0
1172	81	1	3002	1	3200	1	0
1173	82	1	31204	8	700	0	1
1174	82	1	31104	4	700	0	1
1175	82	1	30013	4	400	0	1
1176	82	1	40110	6	350	0	1
1177	82	1	40114	6	350	0	1
1178	82	1	40113	6	350	0	1
1179	82	1	90014	2	150	0	1
1180	82	1	40201	4	350	0	1
1181	82	1	40301	6	350	0	1
1201	11003	1	250025	1	215	1	0
1202	11003	1	50005	2500	322	1	0
1203	11003	1	50000	2500	322	1	0
1204	11003	1	50003	2500	322	1	0
1205	11003	1	260002	1	405	1	0
1206	11003	10	1	100000	500	0	0
1207	11003	7	60002	2	500	0	0
1208	11003	7	60001	3	600	0	0
1209	11003	7	31104	2	600	0	0
1210	11003	7	31204	2	600	0	0
1211	11003	7	30013	2	600	0	0
1212	83	1	14000012	1	50	1	0
1213	83	1	6004805	1	350	1	0
1214	83	1	50005	2500	3200	1	0
1215	83	1	50003	2500	3200	1	0
1216	83	1	3002	1	3200	1	0
1217	84	1	31204	8	700	0	1
1218	84	1	31104	4	700	0	1
1219	84	1	30013	4	400	0	1
1220	84	1	40110	6	350	0	1
1221	84	1	40114	6	350	0	1
1222	84	1	40113	6	350	0	1
1223	84	1	90014	2	150	0	1
1224	84	1	40201	4	350	0	1
1225	84	1	40301	6	350	0	1
1226	85	1	14000011	1	50	1	0
1227	85	1	6004305	1	350	1	0
1228	85	1	50005	2500	3200	1	0
1229	85	1	50003	2500	3200	1	0
1230	85	1	3002	1	3200	1	0
1231	86	1	31204	8	700	0	1
1232	86	1	31104	4	700	0	1
1233	86	1	30013	4	400	0	1
1234	86	1	40110	6	350	0	1
1235	86	1	40114	6	350	0	1
1236	86	1	40113	6	350	0	1
1237	86	1	90014	2	150	0	1
1238	86	1	40201	4	350	0	1
1239	86	1	40301	6	350	0	1
1240	87	1	14000008	1	50	1	0
1241	87	1	6002907	1	350	1	0
1242	87	1	50005	2500	3200	1	0
1243	87	1	50003	2500	3200	1	0
1244	87	1	3002	1	3200	1	0
1245	88	1	31204	8	700	0	1
1246	88	1	31104	4	700	0	1
1247	88	1	30013	4	400	0	1
1248	88	1	40110	6	350	0	1
1249	88	1	40114	6	350	0	1
1250	88	1	40113	6	350	0	1
1251	88	1	90014	2	150	0	1
1252	88	1	40201	4	350	0	1
1253	88	1	40301	6	350	0	1
1254	89	1	14000007	1	50	1	0
1255	89	1	6003405	1	350	1	0
1256	89	1	50005	2500	3200	1	0
1257	89	1	50003	2500	3200	1	0
1258	89	1	3002	1	3200	1	0
1259	90	1	31204	8	700	0	1
1260	90	1	31104	4	700	0	1
1261	90	1	30013	4	400	0	1
1262	90	1	40110	6	350	0	1
1263	90	1	40114	6	350	0	1
1264	90	1	40113	6	350	0	1
1265	90	1	90014	2	150	0	1
1266	90	1	40201	4	350	0	1
1267	90	1	40301	6	350	0	1
1268	91	1	14000011	1	50	1	0
1269	91	1	6004305	1	350	1	0
1270	91	1	50005	2500	3200	1	0
1271	91	1	50003	2500	3200	1	0
1272	91	1	3002	1	3200	1	0
1273	92	1	31204	8	700	0	1
1274	92	1	31104	4	700	0	1
1275	92	1	30013	4	400	0	1
1276	92	1	40110	6	350	0	1
1277	92	1	40114	6	350	0	1
1278	92	1	40113	6	350	0	1
1279	92	1	90014	2	150	0	1
1280	92	1	40201	4	350	0	1
1281	92	1	40301	6	350	0	1
1282	93	1	14000008	1	50	1	0
1283	93	1	6002907	1	350	1	0
1284	93	1	50005	2500	3200	1	0
1285	93	1	50003	2500	3200	1	0
1286	93	1	3002	1	3200	1	0
1287	94	1	31204	8	700	0	1
1288	94	1	31104	4	700	0	1
1289	94	1	30013	4	400	0	1
1290	94	1	40110	6	350	0	1
1291	94	1	40114	6	350	0	1
1292	94	1	40113	6	350	0	1
1293	94	1	90014	2	150	0	1
1294	94	1	40201	4	350	0	1
1295	94	1	40301	6	350	0	1
1296	95	1	14000007	1	50	1	0
1297	95	1	6003405	1	350	1	0
1298	95	1	50005	2500	3200	1	0
1299	95	1	50003	2500	3200	1	0
1300	95	1	3002	1	3200	1	0
1301	96	1	31204	8	700	0	1
1302	96	1	31104	4	700	0	1
1303	96	1	30013	4	400	0	1
1304	96	1	40110	6	350	0	1
1305	96	1	40114	6	350	0	1
1306	96	1	40113	6	350	0	1
1307	96	1	90014	2	150	0	1
1308	96	1	40201	4	350	0	1
1309	96	1	40301	6	350	0	1
1310	97	1	14000005	1	50	1	0
1311	97	1	6002505	1	350	1	0
1312	97	1	50005	2500	3200	1	0
1313	97	1	50003	2500	3200	1	0
1314	97	1	3002	1	3200	1	0
1315	98	1	31204	8	700	0	1
1316	98	1	31104	4	700	0	1
1317	98	1	30013	4	400	0	1
1318	98	1	40110	6	350	0	1
1319	98	1	40114	6	350	0	1
1320	98	1	40113	6	350	0	1
1321	98	1	90014	2	150	0	1
1322	98	1	40201	4	350	0	1
1323	98	1	40301	6	350	0	1
1324	99	1	14000016	1	50	1	0
1325	99	1	6005605	1	350	1	0
1326	99	1	50005	2500	3200	1	0
1327	99	1	50003	2500	3200	1	0
1328	99	1	3002	1	3200	1	0
1329	111	1	31204	8	700	0	1
1330	111	1	31104	4	700	0	1
1331	111	1	30013	4	400	0	1
1332	111	1	40110	6	350	0	1
1333	111	1	40114	6	350	0	1
1334	111	1	40113	6	350	0	1
1335	111	1	90014	2	150	0	1
1336	111	1	40201	4	350	0	1
1337	111	1	40301	6	350	0	1
1338	121	1	14000015	1	50	1	0
1339	121	1	6005305	1	350	1	0
1340	121	1	50005	2500	3200	1	0
1341	121	1	50003	2500	3200	1	0
1342	121	1	3002	1	3200	1	0
1343	122	1	31204	8	700	0	1
1344	122	1	31104	4	700	0	1
1345	122	1	30013	4	400	0	1
1346	122	1	40110	6	350	0	1
1347	122	1	40114	6	350	0	1
1348	122	1	40113	6	350	0	1
1349	122	1	90014	2	150	0	1
1350	122	1	40201	4	350	0	1
1351	122	1	40301	6	350	0	1
1352	123	1	14000012	1	50	1	0
1353	123	1	6004805	1	350	1	0
1354	123	1	50005	2500	3200	1	0
1355	123	1	50003	2500	3200	1	0
1356	123	1	3002	1	3200	1	0
1357	124	1	31204	8	700	0	1
1358	124	1	31104	4	700	0	1
1359	124	1	30013	4	400	0	1
1360	124	1	40110	6	350	0	1
1361	124	1	40114	6	350	0	1
1362	124	1	40113	6	350	0	1
1363	124	1	90014	2	150	0	1
1364	124	1	40201	4	350	0	1
1365	124	1	40301	6	350	0	1
1366	125	1	14000011	1	50	1	0
1367	125	1	6004305	1	350	1	0
1368	125	1	50005	2500	3200	1	0
1369	125	1	50003	2500	3200	1	0
1370	125	1	3002	1	3200	1	0
1371	126	1	31204	8	700	0	1
1372	126	1	31104	4	700	0	1
1373	126	1	30013	4	400	0	1
1374	126	1	40110	6	350	0	1
1375	126	1	40114	6	350	0	1
1376	126	1	40113	6	350	0	1
1377	126	1	90014	2	150	0	1
1378	126	1	40201	4	350	0	1
1379	126	1	40301	6	350	0	1
1380	127	1	14000008	1	50	1	0
1381	127	1	6002907	1	350	1	0
1382	127	1	50005	2500	3200	1	0
1383	127	1	50003	2500	3200	1	0
1384	127	1	3002	1	3200	1	0
1385	128	1	31204	8	700	0	1
1386	128	1	31104	4	700	0	1
1387	128	1	30013	4	400	0	1
1388	128	1	40110	6	350	0	1
1389	128	1	40114	6	350	0	1
1390	128	1	40113	6	350	0	1
1391	128	1	90014	2	150	0	1
1392	128	1	40201	4	350	0	1
1393	128	1	40301	6	350	0	1
