Id	GroupId	Priority	Name	IsPause	IsForce	IsHide
1010	2	98	Lounge Decoration	1	1	0
2001	3	99	Space Leap Tutorial	1	1	1
2020	3	99	Kuroro Coffee Tutorial	1	1	0
2002	3	99	Space Leap Tutorial	1	1	1
2003	3	99	Space Leap Tutorial	1	1	1
2004	3	99	Space Leap Tutorial	1	1	0
1040	2	99	Supply Crate Tutorial	1	0	0
1001	2	90	Map	0	0	0
1002	2	99	Members & Teams	0	0	0
1003	2	99	Invitation Mission	0	0	0
1004	2	98	Commandant Costumes	0	0	0
2010	3	99	Business Development Plan - Basic Content	1	1	0
2011	3	99	Business Development Plan - Inner Ring Stores	1	1	0
2012	3	99	Business Development Plan - Outer Ring Stores	1	1	0
2013	3	99	Business Development Plan - Marquee	1	1	0
2014	3	99	Guided Cannon	1	1	1
3025	3	99	Scan Vision	1	1	1
3020	3	99	Battle Tutorial	1	1	1
2005	3	99	Supply Search	1	1	0
