Id	Type	SingStageId	MultStageId	TimeId
1	3	30030301	30030401	0
2	3	30030302	30030402	0
3	3	30030304	30030404	0
4	3	30030305	30030405	0
5	1	99959994	0	0
34	2	0	30030201	-1
35	2	0	30030202	-1
36	2	0	30030203	-1
37	2	0	30030204	-1
38	2	0	30030205	-1
39	2	0	30030206	-1
48	2	0	30030207	-1
49	2	0	30030208	-1
50	2	0	30030209	-1
57	2	0	30030214	-1
58	5	30101001	0	-1
59	5	30101003	0	-1
60	5	30101002	0	-1
61	5	30101005	0	-1
62	5	30101006	0	-1
63	5	30101004	0	-1
64	5	30101007	0	-1
65	5	30101011	0	-1
66	5	30101022	0	-1
67	5	30101023	0	-1
68	5	30101025	0	-1
69	5	30101026	0	-1
70	5	30101027	0	-1
71	5	30101029	0	-1
72	5	30101030	0	-1
73	5	30101032	0	-1
74	5	30101033	0	-1
75	5	30101037	0	-1
76	5	30101040	0	-1
77	5	30101039	0	-1
78	5	30101043	0	-1
79	5	30101042	0	-1
80	5	30101045	0	-1
81	5	30101046	0	-1
82	5	30101048	0	-1
83	5	30101049	0	-1
84	5	30101053	0	-1
85	5	30101055	0	-1
86	5	30101056	0	-1
87	5	30101058	0	-1
88	5	30101059	0	-1
89	5	30101061	0	-1
90	5	30101062	0	-1
91	5	30101064	0	-1
92	5	30101066	0	-1
93	5	30101067	0	-1
94	5	30101068	0	-1
95	5	30101069	0	-1
96	5	30101071	0	-1
97	5	30101075	0	-1
98	5	30101076	0	-1
99	5	30101077	0	-1
100	5	30101079	0	-1
101	5	30101080	0	-1
102	5	30101082	0	-1
103	5	30101084	0	-1
104	5	30101085	0	-1
105	5	30101087	0	-1
106	5	30101090	0	-1
107	5	30101091	0	-1
108	5	30101093	0	-1
109	5	30101094	0	-1
110	5	30101096	0	-1
111	5	30101099	0	-1
112	5	30101100	0	-1
113	5	30101104	0	-1
114	5	30101105	0	-1
115	5	30101107	0	-1
116	5	30101109	0	-1
117	5	30101113	0	-1
118	5	30101114	0	-1
119	5	30101116	0	-1
120	5	30101118	0	-1
121	5	30101122	0	-1
122	5	30101120	0	-1
123	5	30101129	0	-1
124	5	30101130	0	-1
125	5	30101132	0	49104
126	5	30101133	0	49105
127	5	30101134	0	50103
128	5	30101136	0	49102
129	5	30101138	0	49106
130	5	30101139	0	49107
131	5	30101140	0	49108
132	5	30101141	0	49109
133	5	30101142	0	49111
134	5	30101145	0	50108
135	5	30101146	0	50109
136	5	30101147	0	50110
137	5	30101148	0	50111
138	5	30101144	0	50112
139	5	30101143	0	50107
