Id	ContentId	Progress	IsSpecial	RewardId
1	101	5	0	7000084
2	101	15	0	7000085
3	101	25	0	7000086
4	101	35	0	7000087
5	101	45	0	7000088
6	101	55	0	7000089
7	101	65	1	7000090
8	101	75	0	7000091
9	101	85	0	7000157
10	101	95	0	7000158
11	101	100	1	7000159
101	201	5	0	7000160
102	201	15	0	7000161
103	201	25	0	7000162
104	201	35	0	7000163
105	201	45	0	7000164
106	201	55	0	7000165
107	201	65	1	7000166
108	201	75	0	7000167
109	201	85	0	7000168
110	201	95	0	7000169
111	201	100	1	7000170
201	301	5	0	7000236
202	301	15	0	7000237
203	301	25	0	7000238
204	301	35	0	7000239
205	301	45	0	7000240
206	301	55	0	7000241
207	301	65	1	7000242
208	301	75	0	7000243
209	301	85	0	7000244
210	301	95	0	7000245
211	301	100	1	7000246
