Id	Name	Desc	Banner	CGAsset	RewardId
1	Intimate Distance	Your suspicions are confirmed. Lee not only accepts your closeness but craves more. "Then let's push further and make it one hundred percent."	Assets/Product/Texture/Image/BigWorld/Common/UiBigWorldTaskObtainInvitation/InvitationEnding/Li101.png	Assets/Product/Texture/Image/BigWorld/Common/UiBigWorldTaskObtainInvitation/InvitationEnding/Li101.png	7000216
2	Health "Crisis"	A routine check turns into an unexpected mix-up. The good news is that Lee is perfectly fine. The bad news is that you didn't quite escape unscathed either.	Assets/Product/Texture/Image/BigWorld/Common/UiBigWorldTaskObtainInvitation/InvitationEnding/Li102.png	Assets/Product/Texture/Image/BigWorld/Common/UiBigWorldTaskObtainInvitation/InvitationEnding/Li102.png	7000217
3	Starry Dreams and Sea of Flowers	You and Liv finally find the sea of flowers from her dreams. Amid the blooms and under the starlit sky, your hands clasp tightly together...	Assets/Product/Texture/Image/BigWorld/Common/UiBigWorldTaskObtainInvitation/InvitationEnding/Lifu103.png	Assets/Product/Texture/Image/BigWorld/Common/UiBigWorldTaskObtainInvitation/InvitationEnding/Lifu103.png	7000213
4	Blooming in Her Palm	You become a space-born flower seed. Under Liv's careful care and gentle affection, you grow strong and healthy, finally returning safely to her side...	Assets/Product/Texture/Image/BigWorld/Common/UiBigWorldTaskObtainInvitation/InvitationEnding/Lifu104.png	Assets/Product/Texture/Image/BigWorld/Common/UiBigWorldTaskObtainInvitation/InvitationEnding/Lifu104.png	7000214
7	Soul Resonance	An ingenious device that allows hearts to connect through touch. You feel her warmth spreading from her fingertips and flowing into your heart. This song belongs to you and Selena, and resonates for just the two of you.	Assets/Product/Texture/Image/BigWorld/Common/UiBigWorldTaskObtainInvitation/InvitationEnding/Sailinna207.png	Assets/Product/Texture/Image/BigWorld/Common/UiBigWorldTaskObtainInvitation/InvitationEnding/Sailinna207.png	7000275
8	Invisible Love Letter	What the letter holds remains veiled for now, yet neither of you needs to say the words aloud. Her emotions have revealed what's hidden, and the answer finally emerges.	Assets/Product/Texture/Image/BigWorld/Common/UiBigWorldTaskObtainInvitation/InvitationEnding/Sailinna208.png	Assets/Product/Texture/Image/BigWorld/Common/UiBigWorldTaskObtainInvitation/InvitationEnding/Sailinna208.png	7000276
9	Within Reach	Perhaps there really is a parallel universe where, on drowsy afternoons, you sit together in a corner of the classroom, mere inches apart.	Assets/Product/Texture/Image/BigWorld/Common/UiBigWorldTaskObtainInvitation/InvitationEnding/Shenwei209.png	Assets/Product/Texture/Image/BigWorld/Common/UiBigWorldTaskObtainInvitation/InvitationEnding/Shenwei209.png	7000281
10	That Which Cannot Be Severed	A blade can sever chains that bind, yet it cannot cut the bonds that bloom within hearts. The warmth and traces that could never be erased thus form the unbreakable connection between us.	Assets/Product/Texture/Image/BigWorld/Common/UiBigWorldTaskObtainInvitation/InvitationEnding/Alpha210.png	Assets/Product/Texture/Image/BigWorld/Common/UiBigWorldTaskObtainInvitation/InvitationEnding/Alpha210.png	7000284
11	Just A Turn Away	Idle chatter, wandering daydreams, furtive gestures exchanged above and beneath desks... The teacher's lecture drags on endlessly, but with that person sitting beside you, you can't help but wish the bell would not ring too soon.	Assets/Product/Texture/Image/BigWorld/Common/UiBigWorldTaskObtainInvitation/InvitationEnding/Shenwei211.png	Assets/Product/Texture/Image/BigWorld/Common/UiBigWorldTaskObtainInvitation/InvitationEnding/Shenwei211.png	7000282
12	Precarious Distance	Drawing closer, then drifting apart... An endless cycle leaves everything between you two undefined. But right now, the distance of this precarious space between you feels just right.	Assets/Product/Texture/Image/BigWorld/Common/UiBigWorldTaskObtainInvitation/InvitationEnding/Alpha212.png	Assets/Product/Texture/Image/BigWorld/Common/UiBigWorldTaskObtainInvitation/InvitationEnding/Alpha212.png	7000285
