Id	Cost	MainType	SubType	SortType	FuncType	Condition	ShopResId	BuffShowId	Desc	AccountDesc	StrategyDesc	Name	Prefab	SignboardImg	BuildPromotionGroupId	TurnPromotionGroupId	EventEmergencyGroupId
1001	50	1	111	1	101	0	1001	0	A store that sells pizzas. Can provide income.		Configure the ingredient portions and chefs	Fancy Food		Assets/Product/Texture/Atlas/BigWorld/SkyGarden/UiSkyGardenShoppingStreet/ShopIcon/UiSkyGardenShoppingStreetInsideBuildShop01.png	0	0	0
1002	50	1	112	1	102	0	1002	0	A store that sells a variety of goods. Can provide income.		Configure the item to sell	Inn Elite Department Store		Assets/Product/Texture/Atlas/BigWorld/SkyGarden/UiSkyGardenShoppingStreet/ShopIcon/UiSkyGardenShoppingStreetInsideBuildShop02.png	0	0	0
1003	50	1	113	1	103	0	1003	0	A store that sells cakes. Can provide income.		Configure the placing order of cake ingredients	Dolly's Bakery		Assets/Product/Texture/Atlas/BigWorld/SkyGarden/UiSkyGardenShoppingStreet/ShopIcon/UiSkyGardenShoppingStreetInsideBuildShop03.png	0	0	0
1004	50	1	121	2	104	0	1004	0	Increases Traffic by a percentage.			Genius Board Game		Assets/Product/Texture/Atlas/BigWorld/SkyGarden/UiSkyGardenShoppingStreet/ShopIcon/UiSkyGardenShoppingStreetInsideBuildShop05.png	0	0	0
1005	50	1	122	2	104	0	1005	0	Increases the base value of Traffic.			CUB Experience		Assets/Product/Texture/Atlas/BigWorld/SkyGarden/UiSkyGardenShoppingStreet/ShopIcon/UiSkyGardenShoppingStreetInsideBuildShop04.png	0	0	0
1006	50	1	131	3	104	0	1006	0	Increases the base value of Atmosphere.			Bud Isle Flowers		Assets/Product/Texture/Atlas/BigWorld/SkyGarden/UiSkyGardenShoppingStreet/ShopIcon/UiSkyGardenShoppingStreetInsideBuildShop06.png	0	0	0
1007	50	1	132	3	104	0	1007	0	Increases Atmosphere by a percentage.			Soul's Window		Assets/Product/Texture/Atlas/BigWorld/SkyGarden/UiSkyGardenShoppingStreet/ShopIcon/UiSkyGardenShoppingStreetInsideBuildShop07.png	0	0	0
1008	50	1	111	1	101	0	1001	0	A store that sells pizzas. Can provide income.		Configure the ingredient portions and chefs	Fancy Food		Assets/Product/Texture/Atlas/BigWorld/SkyGarden/UiSkyGardenShoppingStreet/ShopIcon/UiSkyGardenShoppingStreetInsideBuildShop02.png	0	0	0
1009	50	1	121	2	104	0	1004	0	Increases Traffic by a percentage.			Genius Board Game		Assets/Product/Texture/Atlas/BigWorld/SkyGarden/UiSkyGardenShoppingStreet/ShopIcon/UiSkyGardenShoppingStreetInsideBuildShop05.png	0	0	0
1010	50	1	122	2	104	0	1005	0	Increases the base value of Traffic.			CUB Experience		Assets/Product/Texture/Atlas/BigWorld/SkyGarden/UiSkyGardenShoppingStreet/ShopIcon/UiSkyGardenShoppingStreetInsideBuildShop04.png	0	0	0
2001	0	2	211	0	104	0	2001	101	A store established by the Kowloong Chamber of Commerce. Can provide income.			Kowloong Chamber of Commerce		Assets/Product/Texture/Atlas/BigWorld/SkyGarden/UiSkyGardenShoppingStreet/FouceIcon/UiSkyGardenShoppingStreetInsideBuildShopForceJL.png	210	110	110
2002	0	2	221	0	104	0	2002	102	A store established by Akdilek. Can provide income.			Akdilek		Assets/Product/Texture/Atlas/BigWorld/SkyGarden/UiSkyGardenShoppingStreet/FouceIcon/UiSkyGardenShoppingStreetInsideBuildShopForceALD.png	220	120	120
2003	0	2	231	0	104	0	2003	103	A store established by the Transatlantic Economic Community. Can provide income.			Ocean Heart Flagship		Assets/Product/Texture/Atlas/BigWorld/SkyGarden/UiSkyGardenShoppingStreet/FouceIcon/UiSkyGardenShoppingStreetInsideBuildShopForceHYZX.png	230	130	130
2004	0	2	241	0	104	0	2004	104	A store established by the Arctic Route Union. Can provide income.			Cedar Shop		Assets/Product/Texture/Atlas/BigWorld/SkyGarden/UiSkyGardenShoppingStreet/FouceIcon/UiSkyGardenShoppingStreetInsideBuildShopForceXS.png	240	140	140
