Id	Name	TypeId	MaxCount	ConvertItemId	ConvertItemCount	PutMajorType[1]	PutMajorType[2]	PutMajorType[3]	PutCapacity[1]	PutCapacity[2]	PutCapacity[3]	Icon	SmallIcon	Quality	Priority	SceneObjId	Desc	WorldDesc	LockDesc	IsShow
26100001	Display Board	4	1	0	0	1	2	6	5	5	20	Assets/Product/Texture/Image/BigWorld/SkyGarden/UiSkyGardenDorm/DormIcon/DormIcon26100001.png	Assets/Product/Texture/Image/BigWorld/SkyGarden/UiSkyGardenDorm/DormIcon/DormIcon26100001.png	4	1	1				1
26100002	Display Board 2	4	1	0	0	1	2	6	5	5	20	Assets/Product/Texture/Image/IconTools/IconDorm001.png	Assets/Product/Texture/Image/IconTools/IconDorm001.png	4	1	2				0
26110001	Maru Bear on the Move	1	1	0	0							Assets/Product/Texture/Image/BigWorld/SkyGarden/UiSkyGardenDorm/DormIcon/DormIcon26110001.png	Assets/Product/Texture/Image/BigWorld/SkyGarden/UiSkyGardenDorm/DormIcon/DormIcon26110001.png	5	1	1	A decoration that can be placed on the photo wall in the  Commandant's lounge.	You can consult about any store-related issues, bear!	Obtained by participating in [Business Development Plan].	1
26110002	Thanks a Meow	1	1	0	0							Assets/Product/Texture/Image/BigWorld/SkyGarden/UiSkyGardenDorm/DormIcon/DormIcon26110002.png	Assets/Product/Texture/Image/BigWorld/SkyGarden/UiSkyGardenDorm/DormIcon/DormIcon26110002.png	5	1	2	A decoration that can be placed on the photo wall in the  Commandant's lounge.	A thank-you gift from the Cat Love Association. A copy was left at the Cafe as a memento. "Thank you for being there, meow! The world is full of love, meow!"	Obtained by participating in [Kuroro Coffee].	1
26110003	Origami Clover	1	1	0	0							Assets/Product/Texture/Image/BigWorld/SkyGarden/UiSkyGardenDorm/DormIcon/DormIcon26110003.png	Assets/Product/Texture/Image/BigWorld/SkyGarden/UiSkyGardenDorm/DormIcon/DormIcon26110003.png	5	1	3	A decoration that can be placed on the photo wall in the  Commandant's lounge.	The clover's already brought a little luck, just by turning out the way it did.		0
26110004	Sakura Wreath	1	1	0	0							Assets/Product/Texture/Image/BigWorld/SkyGarden/UiSkyGardenDorm/DormIcon/DormIcon26110004.png	Assets/Product/Texture/Image/BigWorld/SkyGarden/UiSkyGardenDorm/DormIcon/DormIcon26110004.png	5	1	4	A decoration that can be placed on the photo wall in the  Commandant's lounge.	Our hearts are always connected, through gifts and everything else.		0
26110005	Leap Beat	1	1	0	0							Assets/Product/Texture/Image/BigWorld/SkyGarden/UiSkyGardenDorm/DormIcon/DormIcon26110005.png	Assets/Product/Texture/Image/BigWorld/SkyGarden/UiSkyGardenDorm/DormIcon/DormIcon26110005.png	5	1	5	A decoration that can be placed on the photo wall in the  Commandant's lounge.	A commemorative medal carefully crafted by Stellar Entertainment to honor players' outstanding performance in Space Leap. "Keep bouncing and break through the clouds!"	Obtained by participating in [Space Leap].	1
26110006	Logic Coupler	1	1	0	0							Assets/Product/Texture/Image/BigWorld/SkyGarden/UiSkyGardenDorm/DormIcon/DormIcon26110006.png	Assets/Product/Texture/Image/BigWorld/SkyGarden/UiSkyGardenDorm/DormIcon/DormIcon26110006.png	5	1	6	A decoration that can be placed on the photo wall in the  Commandant's lounge.	A commemorative sculpture carefully crafted by Stellar Entertainment to honor players' outstanding performance in Chain Decoding. "Connect the patterns and master the rhythm!"		0
26110007	Supply Expert	1	1	0	0							Assets/Product/Texture/Image/BigWorld/SkyGarden/UiSkyGardenDorm/DormIcon/DormIcon26110007.png	Assets/Product/Texture/Image/BigWorld/SkyGarden/UiSkyGardenDorm/DormIcon/DormIcon26110007.png	5	1	7	A decoration that can be placed on the photo wall in the  Commandant's lounge.	To ensure daily maintenance across various areas, relevant departments distribute Supply Crates to designated nodes regularly for immediate access when needed.	Obtained by participating in [Supply Crate Exploration].	1
26110008	Thank You for Your Snapshot	1	1	0	0							Assets/Product/Texture/Image/BigWorld/SkyGarden/UiSkyGardenDorm/DormIcon/DormIcon26110008.png	Assets/Product/Texture/Image/BigWorld/SkyGarden/UiSkyGardenDorm/DormIcon/DormIcon26110008.png	5	1	8	A decoration that can be placed on the photo wall in the  Commandant's lounge.	Thank you for the snapshot. This thank-you gift was specially sent by the Engineering Force. Though honestly, it looks more like an ad for Kuroro Gym. The signature reads...\\n"When are you finally going to make up your mind about that request? —Karenina"\\nIs anyone actually taking this seriously?	Obtainable by participating in [Will Under the Lens].	1
26110009	Exclusive Gravity	1	1	0	0							Assets/Product/Texture/Image/BigWorld/SkyGarden/UiSkyGardenDorm/DormIcon/DormIcon26110009.png	Assets/Product/Texture/Image/BigWorld/SkyGarden/UiSkyGardenDorm/DormIcon/DormIcon26110009.png	5	1	9	A decoration that can be placed on the photo wall in the  Commandant's lounge.	"Opposite to gravity itself, there's a gravitational wave that exists only between you and them."	Obtained by participating in [Space Voyage].	1
26110010	Supply Master	1	1	0	0							Assets/Product/Texture/Image/BigWorld/SkyGarden/UiSkyGardenDorm/DormIcon/DormIcon26110010.png	Assets/Product/Texture/Image/BigWorld/SkyGarden/UiSkyGardenDorm/DormIcon/DormIcon26110010.png	5	1	10	A decoration that can be placed on the photo wall in the  Commandant's lounge.	A commendation for collecting all supply crates in the Commercial District.	Obtained by participating in [Supply Crate Collection].	1
26110011	F.O.S. Heritage Medal	1	1	0	0							Assets/Product/Texture/Image/BigWorld/SkyGarden/UiSkyGardenDorm/DormIcon/DormIcon26110011.png	Assets/Product/Texture/Image/BigWorld/SkyGarden/UiSkyGardenDorm/DormIcon/DormIcon26110011.png	5	1	11	A decoration that can be placed on the photo wall in the  Commandant's lounge.	A medal awarded for distinguished service.\\nThe flame at its center was first lit when F.O.S. was founded. Through every separation and every return, it never truly went out. This medal belongs to those who carried that flame back into the sky. As long as someone chooses to protect it, the ember will keep burning.	Obtained by participating in [Homecoming and A New Journey].	1
26110012	Supply Instructor	1	1	0	0							Assets/Product/Texture/Image/BigWorld/SkyGarden/UiSkyGardenDorm/DormIcon/DormIcon26110012.png	Assets/Product/Texture/Image/BigWorld/SkyGarden/UiSkyGardenDorm/DormIcon/DormIcon26110012.png	5	1	12	A decoration that can be placed on the photo wall in the  Commandant's lounge.	To support daily maintenance and training across the training zones, the college's logistics department regularly delivers supply pods to designated stations for students to use as needed.	Obtained by participating in [Supply Crate Collection].	1
26120001	Epic Bad Review!!!	2	1	0	0							Assets/Product/Texture/Image/BigWorld/SkyGarden/UiSkyGardenDorm/PhotoIcon/PhotoIcon26120001.png	Assets/Product/Texture/Image/BigWorld/SkyGarden/UiSkyGardenDorm/PhotoIcon/PhotoIcon26120001.png	4	1	26120001	A memorable photo that can be placed on the photo wall in the Commandant's lounge.	A "bad review" note left behind by Pete. However, it seems like his previous positive comment haven't been completely erased yet.	Obtained by participating in [Kuroro Coffee].	1
26120002	Detective Maru Is in Position, Bear	2	1	0	0							Assets/Product/Texture/Image/BigWorld/SkyGarden/UiSkyGardenDorm/PhotoIcon/PhotoIcon26120002.png	Assets/Product/Texture/Image/BigWorld/SkyGarden/UiSkyGardenDorm/PhotoIcon/PhotoIcon26120002.png	4	1	26120002	A memorable photo that can be placed on the photo wall in the Commandant's lounge.	Detective Maru is in position and ready to take on your commissions at any time, bear!	Obtained by participating in [Kuroro Coffee].	1
26120003	Prosperity Begins Here	2	1	0	0							Assets/Product/Texture/Image/BigWorld/SkyGarden/UiSkyGardenDorm/PhotoIcon/PhotoIcon26120003.png	Assets/Product/Texture/Image/BigWorld/SkyGarden/UiSkyGardenDorm/PhotoIcon/PhotoIcon26120003.png	4	1	26120003	A memorable photo that can be placed on the photo wall in the Commandant's lounge.	New stores have been built along the street, replacing the starlight of night with their neon signs. The once-quiet streets now bustle with activity. The construction proceeds in an orderly fashion. Prosperity begins here.	Obtained by participating in [Business Development Plan].	1
26120004	Midst the Festival's Revelry	2	1	0	0							Assets/Product/Texture/Image/BigWorld/SkyGarden/UiSkyGardenDorm/PhotoIcon/PhotoIcon26120004.png	Assets/Product/Texture/Image/BigWorld/SkyGarden/UiSkyGardenDorm/PhotoIcon/PhotoIcon26120004.png	4	1	26120004	A memorable photo that can be placed on the photo wall in the Commandant's lounge.	Crowds surge and joyful sounds never cease. The persistence and hard work of the past have created this magnificent spectacle of brilliant lights.	Obtained by participating in [Business Development Plan].	1
26120005	Under the Starlight	2	1	0	0							Assets/Product/Texture/Image/BigWorld/SkyGarden/UiSkyGardenDorm/PhotoIcon/PhotoIcon26120005.png	Assets/Product/Texture/Image/BigWorld/SkyGarden/UiSkyGardenDorm/PhotoIcon/PhotoIcon26120005.png	4	1	26120005	A memorable photo that can be placed on the photo wall in the Commandant's lounge.	A photo of the starry sky taken through a porthole, where the radiance of countless stars shines exceptionally clear. "We gaze up at the stars, and from this moment, fear not the darkness of night."	Obtained by default.	1
26120006	Not for Release - Frozen Fireworks	2	1	0	0							Assets/Product/Texture/Image/IconTools/IconDorm001.png	Assets/Product/Texture/Image/IconTools/IconDorm001.png	4	1	26120006				0
26120007	Not for Release - Moment Before the Mirror	2	1	0	0							Assets/Product/Texture/Image/IconTools/IconDorm001.png	Assets/Product/Texture/Image/IconTools/IconDorm001.png	4	1	26120007				0
26120008	Not for Release - Photo 8	2	1	0	0							Assets/Product/Texture/Image/IconTools/IconDorm001.png	Assets/Product/Texture/Image/IconTools/IconDorm001.png	4	1	26120008				0
26120009	Not for Release - Photo 9	2	1	0	0							Assets/Product/Texture/Image/IconTools/IconDorm001.png	Assets/Product/Texture/Image/IconTools/IconDorm001.png	4	1	26120009				0
26120010	Not for Release - Photo 10	2	1	0	0							Assets/Product/Texture/Image/IconTools/IconDorm001.png	Assets/Product/Texture/Image/IconTools/IconDorm001.png	4	1	26120010				0
26120011	"Home"	2	1	0	0							Assets/Product/Texture/Image/BigWorld/SkyGarden/UiSkyGardenDorm/PhotoIcon/PhotoIcon26120011.png	Assets/Product/Texture/Image/BigWorld/SkyGarden/UiSkyGardenDorm/PhotoIcon/PhotoIcon26120011.png	4	1	26120011	A memorable photo that can be placed on the photo wall in the Commandant's lounge.	"Inside the window or beyond it, both are home."	Obtained by participating in [Space Voyage].	1
26120012	Starwhisper Guardian	2	1	0	0							Assets/Product/Texture/Image/BigWorld/SkyGarden/UiSkyGardenDorm/PhotoIcon/PhotoIcon26120012.png	Assets/Product/Texture/Image/BigWorld/SkyGarden/UiSkyGardenDorm/PhotoIcon/PhotoIcon26120012.png	4	1	26120012	A memorable photo that can be placed on the photo wall in the Commandant's lounge.	Together, we safeguarded the echoes of blessings drifting through the sea of stars.	Obtained by participating in [Space Voyage].	1
26120013	Art Collection	2	1	0	0							Assets/Product/Texture/Image/BigWorld/SkyGarden/UiSkyGardenDorm/PhotoIcon/PhotoIcon26120013.png	Assets/Product/Texture/Image/BigWorld/SkyGarden/UiSkyGardenDorm/PhotoIcon/PhotoIcon26120013.png	4	1	26120013	A memorable photo that can be placed on the photo wall in the Commandant's lounge.	Lucia's Froggie drawing has been praised as "vivid and adorable." She came to the art gallery specifically to improve her skills. Encouraging her is also part of a Commandant's duty.	Obtained by participating in [Destined Moments].	1
26120014	Immersive Viewing	2	1	0	0							Assets/Product/Texture/Image/BigWorld/SkyGarden/UiSkyGardenDorm/PhotoIcon/PhotoIcon26120014.png	Assets/Product/Texture/Image/BigWorld/SkyGarden/UiSkyGardenDorm/PhotoIcon/PhotoIcon26120014.png	4	1	26120014	A memorable photo that can be placed on the photo wall in the Commandant's lounge.	Teddy sometimes tests her "new toys" at the Babylonia Universal Cinema. Drop by if you want to see how it's going.	Obtained by participating in [Destined Moments].	1
26120015	On Stage and Off	2	1	0	0							Assets/Product/Texture/Image/BigWorld/SkyGarden/UiSkyGardenDorm/PhotoIcon/PhotoIcon26120015.png	Assets/Product/Texture/Image/BigWorld/SkyGarden/UiSkyGardenDorm/PhotoIcon/PhotoIcon26120015.png	4	1	26120015	A memorable photo that can be placed on the photo wall in the Commandant's lounge.	Vera is often mistaken for one of the performers, and people frequently ask her for autographs. Maybe you could ask her for one too?	Obtained by participating in [Destined Moments].	1
26120016	Sagittarius and Flowers	2	1	0	0							Assets/Product/Texture/Image/BigWorld/SkyGarden/UiSkyGardenDorm/PhotoIcon/PhotoIcon26120016.png	Assets/Product/Texture/Image/BigWorld/SkyGarden/UiSkyGardenDorm/PhotoIcon/PhotoIcon26120016.png	4	1	26120016	A memorable photo that can be placed on the photo wall in the Commandant's lounge.	Greenery is a luxury in Arctic regions, and that's exactly what makes it so beautiful. Rosetta often comes here to think. If you have time, you might hear some of her stories from the Arctic.	Obtained by participating in [Destined Moments].	1
26120017	Familiar Ground	2	1	0	0							Assets/Product/Texture/Image/BigWorld/SkyGarden/UiSkyGardenDorm/PhotoIcon/PhotoIcon26120017.png	Assets/Product/Texture/Image/BigWorld/SkyGarden/UiSkyGardenDorm/PhotoIcon/PhotoIcon26120017.png	4	1	26120017	A memorable photo that can be placed on the photo wall in the Commandant's lounge.	Maybe the ice cream really was that good that day. Lee often chooses this place to unwind. Life keeps changing, but thankfully, the people around us stay the same.	Obtained by participating in [Destined Moments].	1
26120018	Wanshi's Odd Jobs	2	1	0	0							Assets/Product/Texture/Image/BigWorld/SkyGarden/UiSkyGardenDorm/PhotoIcon/PhotoIcon26120018.png	Assets/Product/Texture/Image/BigWorld/SkyGarden/UiSkyGardenDorm/PhotoIcon/PhotoIcon26120018.png	4	1	26120018	A memorable photo that can be placed on the photo wall in the Commandant's lounge.	Wanshi's Odd Jobs exists to help whenever people run into trouble.\\nWanshi is such a gentle soul.	Obtained by participating in [Destined Moments].	1
26120019	Life	2	1	0	0							Assets/Product/Texture/Image/BigWorld/SkyGarden/UiSkyGardenDorm/PhotoIcon/PhotoIcon26120019.png	Assets/Product/Texture/Image/BigWorld/SkyGarden/UiSkyGardenDorm/PhotoIcon/PhotoIcon26120019.png	4	1	26120019	A memorable photo that can be placed on the photo wall in the Commandant's lounge.	And so, a promise was made with Bianca to admire the flowers together every spring. Life works that way—once spring's wishes come true, we begin to long for summer's. The seasons turn, year after year.	Obtained by participating in [Destined Moments].	1
26120020	Keep Comms Open	2	1	0	0							Assets/Product/Texture/Image/BigWorld/SkyGarden/UiSkyGardenDorm/PhotoIcon/PhotoIcon26120020.png	Assets/Product/Texture/Image/BigWorld/SkyGarden/UiSkyGardenDorm/PhotoIcon/PhotoIcon26120020.png	4	1	26120020	A memorable photo that can be placed on the photo wall in the Commandant's lounge.	Asimov assigns different notification tones to different contacts as a basic priority system. But who he replies to first is purely a matter of personal favo—no, personal feeling.	Obtained by participating in [Destined Moments].	1
26120021	Simulation Battle	2	1	0	0							Assets/Product/Texture/Image/BigWorld/SkyGarden/UiSkyGardenDorm/PhotoIcon/PhotoIcon26120021.png	Assets/Product/Texture/Image/BigWorld/SkyGarden/UiSkyGardenDorm/PhotoIcon/PhotoIcon26120021.png	4	1	26120021	A memorable photo that can be placed on the photo wall in the Commandant's lounge.	Your mock battle with Harley Jo drew crowds of students eager to learn and observe. They even managed to capture the most spectacular moments of the fight.\\n"Huh? Where did that data come from?"	Obtained by participating in [Post-Grad Sparring].	1
26120022	Unfinished Puzzle	2	1	0	0							Assets/Product/Texture/Image/BigWorld/SkyGarden/UiSkyGardenDorm/PhotoIcon/PhotoIcon26120022.png	Assets/Product/Texture/Image/BigWorld/SkyGarden/UiSkyGardenDorm/PhotoIcon/PhotoIcon26120022.png	4	1	26120022	A memorable photo that can be placed on the photo wall in the Commandant's lounge.	A code no one could read, a man's lifelong quest to decipher it.\\nHe thought his efforts would bring wealth—a gift from his father hidden in the solution. But the answer was not what he hoped for, and he could not accept it.\\nBecause acceptance would mean admitting that every detour he'd taken was a path someone else had laid out for him.\\nSo when humanity finally solves that ancient puzzle before us, what then?\\nPerhaps the truth is in plain sight. It's just that humanity isn't ready yet.	Obtained by participating in [Undeciphered Code].	1
26120023	Lingering Shadow	2	1	0	0							Assets/Product/Texture/Image/BigWorld/SkyGarden/UiSkyGardenDorm/PhotoIcon/PhotoIcon26120023.png	Assets/Product/Texture/Image/BigWorld/SkyGarden/UiSkyGardenDorm/PhotoIcon/PhotoIcon26120023.png	4	1	26120023	A memorable photo that can be placed on the photo wall in the Commandant's lounge.	A terminal left forgotten in the campus holds records of the aloof figure.\\nNo one could truly approach her battlefield—even standing beside her became an impossible dream. But you always somehow manage to break through, and in those fleeting anomalies, your fingertips briefly touch that cold, ethereal shadow—	Obtained by participating in [Destined Moments - F.O.S.].	1
26120024	Just One Victory	2	1	0	0							Assets/Product/Texture/Image/BigWorld/SkyGarden/UiSkyGardenDorm/PhotoIcon/PhotoIcon26120024.png	Assets/Product/Texture/Image/BigWorld/SkyGarden/UiSkyGardenDorm/PhotoIcon/PhotoIcon26120024.png	4	1	26120024	A memorable photo that can be placed on the photo wall in the Commandant's lounge.	Vanessa's uniform is pressed as straight as her spine. Every intricate, perfect detail is rooted in her thorough preparation.\\nYet, she considers the effort behind it all beneath mention—just like this rehearsal. Vanessa firmly believes that people only need to see the right side of things. She knows she always has.	Obtained by participating in [Destined Moments - F.O.S.].	1
26120025	Another Sun	2	1	0	0							Assets/Product/Texture/Image/BigWorld/SkyGarden/UiSkyGardenDorm/PhotoIcon/PhotoIcon26120025.png	Assets/Product/Texture/Image/BigWorld/SkyGarden/UiSkyGardenDorm/PhotoIcon/PhotoIcon26120025.png	4	1	26120025	A memorable photo that can be placed on the photo wall in the Commandant's lounge.	Just as the sun, Kamui never hesitates to share his light and warmth with the world.\\nThe names he has spoken are certainly engraved within his soul, ever marching onward.	Obtained by participating in [Destined Moments - F.O.S.].	1
26120026	Youthful Days	2	1	0	0							Assets/Product/Texture/Image/BigWorld/SkyGarden/UiSkyGardenDorm/PhotoIcon/PhotoIcon26120026.png	Assets/Product/Texture/Image/BigWorld/SkyGarden/UiSkyGardenDorm/PhotoIcon/PhotoIcon26120026.png	4	1	26120026	A memorable photo that can be placed on the photo wall in the Commandant's lounge.	Chrome has no regrets about his choices—those experiences shaped who he is today.\\nThe past was filled with hardship. Only by gracefully letting go of yesterday can one truly spend each day with those beside them and march toward the future.	Obtained by participating in [Destined Moments - F.O.S.].	1
26120027	Respite	2	1	0	0							Assets/Product/Texture/Image/BigWorld/SkyGarden/UiSkyGardenDorm/PhotoIcon/PhotoIcon26120027.png	Assets/Product/Texture/Image/BigWorld/SkyGarden/UiSkyGardenDorm/PhotoIcon/PhotoIcon26120027.png	4	1	26120027	A memorable photo that can be placed on the photo wall in the Commandant's lounge.	Liv is curious about everything here, where you once lived.\\nConsider this brief respite in your old seat as Liv's little indulgence to mark the final stop of today's journey.	Obtained by participating in [Destined Moments - F.O.S.].	1
26120028	Substitute Teacher	2	1	0	0							Assets/Product/Texture/Image/BigWorld/SkyGarden/UiSkyGardenDorm/PhotoIcon/PhotoIcon26120028.png	Assets/Product/Texture/Image/BigWorld/SkyGarden/UiSkyGardenDorm/PhotoIcon/PhotoIcon26120028.png	4	1	26120028	A memorable photo that can be placed on the photo wall in the Commandant's lounge.	Aboard the ship where everything is being rebuilt, Nirvatia would stand at high vantage points, scanning for every possible safety hazard.\\nWhile using her knowledge to provide the greatest assistance to F.O.S., she hasn't forgotten to look after her little raven.	Obtained by participating in [Destined Moments - F.O.S.].	1
26120029	Not for Release - Photo 10	2	1	0	0							Assets/Product/Texture/Image/BigWorld/SkyGarden/UiSkyGardenDorm/PhotoIcon/PhotoIcon26120028.png	Assets/Product/Texture/Image/BigWorld/SkyGarden/UiSkyGardenDorm/PhotoIcon/PhotoIcon26120028.png	4	1	26120028				0
26120030	Not for Release - Photo 10	2	1	0	0							Assets/Product/Texture/Image/BigWorld/SkyGarden/UiSkyGardenDorm/PhotoIcon/PhotoIcon26120028.png	Assets/Product/Texture/Image/BigWorld/SkyGarden/UiSkyGardenDorm/PhotoIcon/PhotoIcon26120028.png	4	1	26120028				0
26200001	Display Shelf	6	1	0	0	4			3			Assets/Product/Texture/Image/BigWorld/SkyGarden/UiSkyGardenDorm/DormIcon/DormIcon26200001.png	Assets/Product/Texture/Image/BigWorld/SkyGarden/UiSkyGardenDorm/DormIcon/DormIcon26200001.png	4	1	1				1
26200002	Display Shelf 2	6	1	0	0	4			3			Assets/Product/Texture/Image/IconTools/IconDorm001.png	Assets/Product/Texture/Image/IconTools/IconDorm001.png	4	1	3				0
26210001	Outstanding Commissioner	5	1	0	0							Assets/Product/Texture/Image/BigWorld/SkyGarden/UiSkyGardenDorm/DormIcon/DormIcon26210001.png	Assets/Product/Texture/Image/BigWorld/SkyGarden/UiSkyGardenDorm/DormIcon/DormIcon26210001.png	5	1	4	An ornament that can be placed on the display shelf in the Commandant's lounge.	An honor trophy symbolizing outstanding contribution, awarded to Chief Commissioners who exceeded the Commercial Square Development Plan objectives.	Obtained by participating in [Business Development Plan].	1
26210002	Coffee Beans Can Bloom Too	5	1	0	0							Assets/Product/Texture/Image/BigWorld/SkyGarden/UiSkyGardenDorm/DormIcon/DormIcon26210002.png	Assets/Product/Texture/Image/BigWorld/SkyGarden/UiSkyGardenDorm/DormIcon/DormIcon26210002.png	5	1	5	An ornament that can be placed on the display shelf in the Commandant's lounge.	A handmade coffee bean wreath crafted by Ross. Get close and you can smell the subtle coffee aroma. It's said to bring good luck.	Obtained by participating in [Kuroro Coffee].	1
26210003	Old Place, New Journey	5	1	0	0							Assets/Product/Texture/Image/BigWorld/SkyGarden/UiSkyGardenDorm/DormIcon/DormIcon26210003.png	Assets/Product/Texture/Image/BigWorld/SkyGarden/UiSkyGardenDorm/DormIcon/DormIcon26210003.png	5	1	6	An ornament that can be placed on the display shelf in the Commandant's lounge.	Let's go, Commandant! A new adventure has begun, and more surprises are waiting for you to discover!	Obtained by participating in [Operation Guide].	1
26210004	Froggie Plushie	5	1	0	0							Assets/Product/Texture/Image/BigWorld/SkyGarden/UiSkyGardenDorm/DormIcon/DormIcon26210004.png	Assets/Product/Texture/Image/BigWorld/SkyGarden/UiSkyGardenDorm/DormIcon/DormIcon26210004.png	5	1	1	An ornament that can be placed on the display shelf in the Commandant's lounge.	A collector's edition Froggie plushie. Gently press its belly and it'll make cute "ribbit" sounds.	Obtained by participating in [Whispers of Love Story - Lucia].	1
26210005	Feel It, Record It	5	1	0	0							Assets/Product/Texture/Image/BigWorld/SkyGarden/UiSkyGardenDorm/DormIcon/DormIcon26210005.png	Assets/Product/Texture/Image/BigWorld/SkyGarden/UiSkyGardenDorm/DormIcon/DormIcon26210005.png	5	1	7	An ornament that can be placed on the display shelf in the Commandant's lounge.	Watch a flower bloom at its own pace. Catch the shifting light along the terminator line. Smell paint on canvas, oil on gears, dew on grass. Feel the world. Record life.	Obtainable by participating in [Operation Guide II].	1
26210006	"Blast" Drone Gen III Model	5	1	0	0							Assets/Product/Texture/Image/BigWorld/SkyGarden/UiSkyGardenDorm/DormIcon/DormIcon26210006.png	Assets/Product/Texture/Image/BigWorld/SkyGarden/UiSkyGardenDorm/DormIcon/DormIcon26210006.png	5	1	8	An ornament that can be placed on the display shelf in the Commandant's lounge.	A drone model Karenina made after the mission and gifted to the Gray Raven Commandant. According to her, it's just something she put together "on a whim."	Obtained by participating in [Space Voyage].	1
26210007	Honor Pedestal	5	1	0	0							Assets/Product/Texture/Image/BigWorld/SkyGarden/UiSkyGardenDorm/DormIcon/DormIcon26210007.png	Assets/Product/Texture/Image/BigWorld/SkyGarden/UiSkyGardenDorm/DormIcon/DormIcon26210007.png	5	1	9	An ornament that can be placed on the display shelf in the Commandant's lounge.	A pedestal that holds medals and ribbons.\\nThough it has no voice, this stand has witnessed every ounce of significance that Babylonia has lost and reclaimed.	Obtained by participating in [Operation Guide III].	1
