CharacterId	BaseCharacterIds[1]	BaseCharacterIds[2]	BaseCharacterIds[3]	BaseCharacterIds[4]	BaseCharacterIds[5]	BaseCharacterIds[6]	TargetName[1]	TargetName[2]	TargetName[3]	TargetName[4]	TargetName[5]	TargetName[6]
1011002	5001	5002					For Advanced Player	For Beginning Player				
1021001	5003	5004					For Advanced Player	For Beginning Player				
1031001	5005	5006					Support Focus - Advanced	Support Focus - Beginner				
1041002	5007	5008					For Advanced Player	For Beginning Player				
1051001	5009	5010					Support Focus - Advanced	Support Focus - Beginner				
1061002	5011	5012					Support Focus - Advanced	Support Focus - Beginner				
1071002	5013	5014					For Advanced Player	For Beginning Player				
1081002	5015	5016					For Advanced Player	For Beginning Player				
1021002	5017	5018					For Advanced Player	For Beginning Player				
1031002	5019	5020					Support Focus - Advanced	Support Focus - Beginner				
1011003	5021	5022					For Advanced Player	For Beginning Player				
1031003	5023	5024					Support Focus - Advanced	Support Focus - Beginner				
1061003	5025	5026					Support Focus - Advanced	Support Focus - Beginner				
1071003	5027	5028					For Advanced Player	For Beginning Player				
1051003	5029	5030					Support Focus - Advanced	Support Focus - Beginner				
1021003	5031	5032					For Advanced Player	For Beginning Player				
1081003	5033	5034					For Advanced Player	For Beginning Player				
1091002	5035	5036					Support Focus - Advanced	Support Focus - Beginner				
1041003	5037	5038					For Advanced Player	For Beginning Player				
1111002	5039	5040					Support Focus - Advanced	Support Focus - Beginner				
1121002	5041	5042					Support Focus - Advanced	Support Focus - Beginner				
1021004	5043	5044					For Advanced Player	For Beginning Player				
1131002	5045	5046					Support Focus - Advanced	Support Focus - Beginner				
1141003	5047	5048					Support Focus - Advanced	Support Focus - Beginner				
1521003	5049	5050					For Advanced Player	For Beginning Player				
1161002	5051	5052					Support Focus - Advanced	Support Focus - Beginner				
1181003	5053	5054					For Advanced Player	For Beginning Player				
1191003	5055	5056					Support Focus - Advanced	Support Focus - Beginner				
1201003	5057	5058					For Advanced Player	For Beginning Player				
1171003	5059	5060					For Advanced Player	For Beginning Player				
1511003	5061	5062					For Advanced Player	For Beginning Player				
1531003	5063	5064					For Advanced Player	For Beginning Player				
1211002	5065	5066					Support Focus - Advanced	Support Focus - Beginner				
1121003	5067	5068					Support Focus - Advanced	Support Focus - Beginner				
1221002	5069	5070					Support Focus - Advanced	Support Focus - Beginner				
1131003	5071	5072					Support Focus - Advanced	Support Focus - Beginner				
1541003	5073	5074					For Advanced Player	For Beginning Player				
1031004	5075	5076	5077				Support Focus - Advanced	Support Focus - Beginner	For Advanced Player			
1531004	5078	5079					Support Focus - Advanced	Support Focus - Beginner				
1551003	5080	5081					For Advanced Player	For Beginning Player				
1051004	5082	5083					Support Focus - Advanced	Support Focus - Beginner				
1561003	5084	5085					For Advanced Player	For Beginning Player				
1071004	5086	5087					Support Focus - Advanced	Support Focus - Beginner				
1571003	5088	5089					For Advanced Player	For Beginning Player				
1041004	5090	5091	5092	5093			Signature Booster - Advanced	Signature Booster - Beginner	Physical Booster - Advanced	For Advanced Player		
1231002	5094	5095	5099	5100			For Advanced Player	For Beginning Player	3-Ping Boost	3-Ping Booster - Beginner		
1011004	5096	5097	5098				Signature Booster - Advanced	Signature Booster - Beginner	For Advanced Player			
1091003	5101	5102					For Advanced Player	For Beginning Player				
1021005	5103	5104	5105				Signature Booster - Advanced	Signature Booster - Beginner	For Advanced Player			
1241002	5106	5107					Support Focus - Advanced	Support Focus - Beginner				
1221003	5108	5109	5110	5111			For Advanced Player	Support Focus - Advanced	Signature Booster - Beginner	Support Focus - Beginner		
1251002	5112	5113					For Advanced Player	For Beginning Player				
1261003	5114	5115	5116	5117			Support Focus - Advanced	For Advanced Player	Support Focus - Beginner	For Beginning Player		
1271003	5118	5119					For Advanced Player	For Beginning Player				
1281002	5120	5121					For Advanced Player	For Beginning Player				
1081004	5122	5123					Support Focus - Advanced	Support Focus - Beginner				
1521004	5124	5125					For Advanced Player	For Beginning Player				
1291002	5126	5127					Support Focus - Advanced	Support Focus - Beginner				
1171004	5128	5129					For Advanced Player	For Beginning Player				
1301002	5130	5131					Support Focus - Advanced	Support Focus - Beginner				
1241003	5132	5133					Support Focus - Advanced	Support Focus - Beginner				
1211003	5134	5135					Support Focus - Advanced	Support Focus - Beginner				
1021006	5136	5137					For Advanced Player	For Beginning Player				
1311002	5138	5139					For Advanced Player	For Beginning Player				
1051005	5140	5141					Support Focus - Advanced	Support Focus - Beginner				
1321003	5142	5143	5144	5145			Tank - Advanced	Tank - Beginner	Amplifier - Advanced	Amplifier - Beginner		
1331003	5146	5147					Support Focus - Advanced	Support Focus - Beginner				
1531005	5148	5149					For Advanced Player	For Beginning Player				
1341002	5150	5151					For Advanced Player	For Beginning Player				
1131004	5152	5153					For Advanced Player	For Beginning Player				
1351003	5154	5155					For Advanced Player	For Beginning Player				
1361003	5156	5157					For Advanced Player	For Beginning Player				
1041005	5158	5159					For Advanced Player	For Beginning Player				
1371002	5160	5161					For Advanced Player	For Beginning Player				
1381003	5162	5163					Support Focus - Advanced	Support Focus - Beginner				
1031005	5164	5165					For Advanced Player	For Beginning Player				
1291003	5166	5167					Support Focus - Advanced	Support Focus - Beginner				
1141004	5168	5169					Breaker - Advanced	Breaker - Beginner				
1391003	5170	5171					Amplifier - Advanced	Amplifier - Beginner				
1061004	5172	5173					Breaker - Advanced	Breaker - Beginner				
1021007	5174	5175					For Advanced Player	For Beginning Player				
1401003	5176	5177					Amplifier - Advanced	Amplifier - Beginner				
1071005	5178	5179					Breaker - Advanced	Breaker - Beginner				
1411003	5180	5181					For Advanced Player	For Beginning Player				
1421003	5182	5183					Overlinker - Advanced	Overlinker - Beginner				
