ActivityId	MainTimeId	MainTemplateId[1]	MainTemplateId[2]	MainTemplateId[3]	MainTemplateCount[1]	MainTemplateCount[2]	MainTemplateCount[3]	TaskSourceGroupId	PeriodId[1]	Name	Kind[1]	SkipId	ActivityIcon	EventCause[1]
48001	50602	50005	102		100	200		0	4800101	A Kindler's Watch	1	20235	Assets/Product/Texture/Image/UiTodolist/UiTodolist231.png	16014
48003	50103	90031	31104	1	1	3	12000	48003	4800301	Ember Ceremony	22	10035	Assets/Product/Texture/Image/UiTodolist/UiTodolist217.png	
48004	50107	90031	31104	1	1	3	12000	48004	4800401	Calamity's End	22	10035	Assets/Product/Texture/Image/UiTodolist/UiTodolist232.png	
48006	50201	50005	102		1500	1500		48006	4800601	Circuit Calculus	8	90074	Assets/Product/Texture/Image/UiTodolist/UiTodolist234.png	
48007	50100	50005	102		1000	500		48007	4800701	Overclock Simulation	6	90077	Assets/Product/Texture/Image/UiTodolist/UiTodolist235.png	
48008	50502	50005	102		250	200		0	4800801	Wrathful Monsoon	6	11724	Assets/Product/Texture/Image/UiTodolist/UiTodolist236.png	16013
48009	50801	50005	102		500	400		48009	4800901	Wreck-It Huhu	8	89049	Assets/Product/Texture/Image/UiTodolist/UiTodolist237.png	
48011	50302	3	102		100	100		0	4801101	Cosmic Wonders	8	20140	Assets/Product/Texture/Image/UiTodolist/UiTodolist239.png	77002
48012	50112	90031	31104	1	1	3	12000	48012	4801201	Fading Reverie	22	10035	Assets/Product/Texture/Image/UiTodolist/UiTodolist233.png	
