Id	HideClose	HideMenu	HideNpc	HideChar	HideAlbum	HideCharRotate	HideReset	HidePersonSwitch	InitCharRotate	DisableCameraOperation	UseInitCameraZoom	InitCameraZoom	HideCameraMove	UseInitCameraMove	InitCameraMoveX	InitCameraMoveY	InitLookAtCamera	ResetCameraHeight	UseInitCameraY	InitCameraY	MinDistance	MaxDistance	WidthDetectionRatio	HeightDetectionRatio	FailTimes	MinFov	MaxFov	ThirdPersonMode	MoveSpeed	DofId	MinBlurSize	MaxBlurSize
0	0	0	0	0	0	0	0	0	0.0	0	0	0.0	0	0	0.0	0.0	0	0	0	0.0	0.0	0.0	0.6	0.6	0	45.0	60.0	0	2.0	2	0.1	4.0
1	1	1	1	1	1	0	0	0	0.0	0	0	0.0	0	0	0.0	0.0	0	0	0	0.0	0.0	0.0	0.8	0.8	3	45.0	60.0	0	0.0	0	0.0	0.0
2	1	1	1	1	1	0	0	0	0.0	0	0	0.0	0	0	0.0	0.0	0	0	0	0.0	0.0	0.0	1.0	1.0	3	45.0	60.0	0	0.0	0	0.0	0.0
3	1	1	1	1	1	0	0	0	0.0	0	0	0.0	0	0	0.0	0.0	0	0	0	0.0	0.0	0.0	1.0	1.0	3	45.0	60.0	0	0.0	0	0.0	0.0
4	1	1	1	1	1	0	0	0	0.0	0	0	0.0	0	0	0.0	0.0	0	0	0	0.0	0.0	0.0	1.0	1.0	3	45.0	60.0	0	0.0	0	0.0	0.0
5	1	1	1	1	1	0	0	0	0.0	0	0	0.0	0	0	0.0	0.0	0	0	0	0.0	0.0	0.0	1.0	1.0	3	45.0	60.0	0	0.0	0	0.0	0.0
6	1	0	0	0	0	0	0	0	0.0	0	0	0.0	0	0	0.0	0.0	0	0	0	0.0	0.0	0.0	1.0	1.0	3	45.0	60.0	0	0.0	0	0.0	0.0
7	1	1	1	1	1	0	0	0	0.0	0	0	0.0	0	0	0.0	0.0	0	0	1	0.0	0.0	0.0	1.0	1.0	3	45.0	60.0	0	0.0	0	0.0	0.0
8	1	0	0	0	0	0	0	0	0.0	0	1	0.3	0	0	0.0	0.0	0	0	1	180.0	0.0	0.0	1.0	1.0	3	45.0	60.0	0	0.0	0	0.0	0.0
9	0	1	1	0	0	1	1	1	0.0	1	1	0.5	0	0	0.0	0.0	0	0	0	0.0	0.75	6.0	1.0	1.0	0	45.0	60.0	0	0.0	0	0.0	0.0
10	1	0	0	0	0	0	0	0	0.0	0	0	0.0	0	0	0.0	0.0	0	0	0	0.0	0.0	0.0	1.0	1.0	1	45.0	60.0	0	0.0	0	0.0	0.0
11	1	1	1	1	1	0	0	0	0.0	0	0	0.0	0	0	0.0	0.0	0	0	1	0.0	0.0	0.0	1.0	1.0	1	45.0	60.0	0	0.0	0	0.0	0.0
12	1	0	1	1	0	0	0	0	0.0	0	0	0.0	0	0	0.0	0.0	0	0	1	0.0	0.0	0.0	0.6	0.6	3	45.0	60.0	1	0.0	0	0.0	0.0
