Sector	ConfigGroupId	PinId	SceneObjectPlaceId	NpcPlaceId	TeleportEnable	TeleportX	TeleportY	TeleportZ	TeleportEulerY	TeleportLevelId
skygarden	4006	100008	100010	0	1	18.43000030517578	1.1440000534057617	17.549999237060547	-95.0	4003
skygarden	4006	100003	0	100020	1	605.3942260742188	189.28500366210938	1146.08447265625	0.0	0
skygarden	4006	100002	0	100093	1	561.2479858398438	169.44000244140625	1177.4537353515625	0.0	0
skygarden	4006	100007	100122	0	1	560.0574340820312	143.6300048828125	1345.723388671875	116.0	0
skygarden	4006	100010	100121	0	1	594.0299072265625	150.8300018310547	1295.721923828125	-146.0	0
skygarden	4006	100001	100049	0	0	0.0	0.0	0.0	0.0	0
skygarden	4006	100006	100027	0	1	537.4620971679688	168.4600067138672	1181.222900390625	114.0	0
skygarden	4006	100011	100028	0	1	658.4136962890625	160.5077667236328	1130.5205078125	-95.0	0
skygarden	4006	100012	100047	0	1	649.1489868164062	158.8509979248047	1182.5335693359375	60.0	0
skygarden	4006	100009	100067	0	0	-6.103515625e-05	0.0	0.0	0.0	0
skygarden	4006	100013	100066	0	0	-6.103515625e-05	0.0	0.0	0.0	0
skygarden	4006	100004	100029	0	1	666.03955078125	192.28001403808594	1199.21728515625	141.0	0
skygarden	4006	100015	100030	0	1	602.2841796875	189.33816528320312	1185.246337890625	165.0	0
skygarden	4006	100014	100048	0	0	0.0	0.0	0.0	0.0	0
skygarden	4006	100005	100071	0	1	572.8265380859375	191.27699279785156	1071.2894287109375	-148.30099487304688	0
skygarden	4006	100016	100006	0	0	-0.0001220703125	0.0	-0.0001220703125	0.0	0
skygarden	4006	100017	100007	0	0	-6.103515625e-05	0.0	-0.0001220703125	0.0	0
skygarden	4006	100018	100016	0	0	0.0	0.0	-0.0001220703125	0.0	0
skygarden	4006	100019	100017	0	0	6.103515625e-05	0.0	0.0001220703125	0.0	0
skygarden	4006	100020	100018	0	0	-0.000152587890625	0.0	-0.0001220703125	0.0	0
skygarden	4006	100021	100021	0	0	-0.00018310546875	0.0	-0.0001220703125	0.0	0
skygarden	4006	100022	100008	0	0	0.0	0.0	0.0	0.0	0
skygarden	4006	100023	100015	0	0	-0.0001220703125	0.0	-0.000244140625	0.0	0
skygarden	4006	100024	100019	0	0	0.0	0.0	0.0	0.0	0
skygarden	4006	100025	100020	0	0	-0.00030517578125	0.0	-0.0006103515625	0.0	0
skygarden	4006	100026	100022	0	0	-0.0003662109375	0.0	-0.0010986328125	0.0	0
skygarden	4006	100027	100023	0	0	0.0	0.0	0.0	0.0	0
skygarden	4006	100028	100003	0	0	0.0	0.0	0.0	0.0	0
skygarden	4006	100029	100078	0	0	-0.00030517578125	0.0	-0.0009765625	0.0	0
skygarden	4006	100030	100125	0	0	6.103515625e-05	0.0	0.0001220703125	0.0	0
skygarden	4006	100031	100126	0	0	-0.000244140625	0.0	-0.00048828125	0.0	0
skygarden	4006	100032	100127	0	0	-0.0001220703125	0.0	0.0	0.0	0
skygarden	4006	100033	100002	0	0	-0.00054931640625	0.0	-0.0009765625	0.0	0
skygarden	4006	100034	100001	0	0	-0.00030517578125	0.0	-0.0003662109375	0.0	0
skygarden	6001	2800001	2800006	0	1	278.817626953125	289.3900146484375	274.630126953125	0.0	0
skygarden	6001	2800002	2800007	0	1	372.3371276855469	211.47320556640625	165.49603271484375	0.0	0
skygarden	6001	2800003	2800011	0	1	319.5140075683594	289.1711120605469	237.49200439453125	45.0	0
skygarden	6001	2800004	2800012	0	1	554.6306762695312	199.8527374267578	269.1028747558594	90.0	0
skygarden	6001	2800005	2800013	0	1	258.03216552734375	114.68064880371094	132.55152893066406	90.0	0
skygarden	6001	2800006	2800034	0	1	345.18701171875	211.343994140625	173.0679931640625	0.0	0
skygarden	6001	2800007	2800002	0	0	0.0	0.0	0.0	0.0	0
skygarden	6001	2800008	2800005	0	0	0.0	0.0	0.0	0.0	0
skygarden	6001	2800009	2800004	0	0	-0.001739501953125	0.0	-0.1910247802734375	0.0	0
skygarden	6001	2800010	2800003	0	0	6.103515625e-05	0.0	1.52587890625e-05	0.0	0
skygarden	6001	2800011	2800008	0	0	0.0	0.0	0.0	0.0	0
skygarden	6001	2800012	2800009	0	0	-0.0011138916015625	0.0	-0.0010986328125	0.0	0
skygarden	6001	2800013	2800010	0	0	0.0	0.0	0.0	0.0	0
skygarden	6001	2800014	2800014	0	0	1.52587890625e-05	0.0	0.0	0.0	0
skygarden	6001	2800015	2800015	0	0	-0.001129150390625	0.0	-0.00054931640625	0.0	0
skygarden	6001	2800016	2800033	0	0	-0.0010986328125	0.0	0.0	0.0	0
skygarden	6001	2800017	2800035	0	1	297.88690185546875	126.11774444580078	175.6531524658203	0.0	0
skygarden	500105	1900001	0	1900077	0	0.0	0.0	0.0	0.0	0
