Id	Priority	SequentialId	Ignore	Desc	GuideType	ConditionId[1]	ConditionId[2]	ConditionId[3]	ConditionId[4]	ConditionId[5]	CompleteId	ActiveUi	CheckNodeActive	RewardId	GroupId
200100	200100	0	0	v3.6 Journal Guide	1	50001004					200100	UiBigWorldHud		0	200100
200101	200101	0	0	v3.6 Map Guide	1	50001007					200101	UiBigWorldHud		0	200101
200102	200102	0	0	v3.6 Dormitory - Photo Wall Guide	1	50001003					200102	UiSkyGardenDormPhotoWall	PanelHomePhoto	0	200102
200103	200103	0	0	v3.6 Photo Guide	1	50001006					200103	UiBigWorldHud		0	200103
200200	200200	0	0	v3.6 Cafe - First Entry	1						200200	UiSkyGardenCafeMain		0	200200
200201	200201	0	0	v3.6 Cafe - 1001 Time Period 1	1	50010006					200201	UiSkyGardenCafeGame		0	200201
200202	200202	0	0	v3.6 Cafe - 1001 Time Period 1 Complete Previous Guide	1	50010006	50010007				200202	UiSkyGardenCafeGame		0	200202
200203	200203	0	0	v3.6 Cafe - 1001 Time Period 2	1	50010008					200203	UiSkyGardenCafeGame		0	200203
200204	200204	0	0	v3.6 Cafe - 1001 Time Period 3	1	50010009					200204	UiSkyGardenCafeGame		0	200204
200205	200205	0	0	v3.6 Cafe - 1001 Cleared Back to Main Screen	1	50010013					200205	UiSkyGardenCafeMain		0	200205
200206	200206	0	0	v3.6 Cafe - 1002 Time Period 1	1	50010014					200206	UiSkyGardenCafeGame		0	200206
200207	200207	0	0	v3.6 Cafe - 1003 Time Period 1	1	50010015					200207	UiSkyGardenCafeGame		0	200207
200208	200208	0	0	v3.6 Cafe - 1004 Time Period 1	1	50010016					200208	UiSkyGardenCafeGame		0	200208
200209	200209	0	0	v3.6 Cafe - 1004 Time Period 3	1	50010017					200209	UiSkyGardenCafeGame		0	200209
200210	200210	0	0	v3.6 Cafe - 1005 Time Period 1	1	50010018					200210	UiSkyGardenCafeGame		0	200210
200211	200211	0	0	v3.6 Cafe - 1006 Cleared Back to Main Screen	1	50010019					200211	UiSkyGardenCafeMain		0	200211
200212	200212	0	0	v3.6 Cafe - 2001 Time Period 1 Replace Customers	1	50010020					200212	UiSkyGardenCafeGame		0	200212
200213	200213	0	0	v3.6 Cafe - 2001 Time Period 1 Official Game	1	50010020					200213	UiSkyGardenCafePopupBroadcastFirst		0	200213
200230	200230	0	0	v3.6 Commercial District - First Entry	1						200230	UiSkyGardenShoppingStreetMain		0	200230
200231	200231	0	0	v3.6 Commercial District - On 1-1 Preparation Interface	1	50010023	50010021				200231	UiSkyGardenShoppingStreetGame		0	200231
200232	200232	0	0	v3.6 Commercial District - On 1-1 Gameplay Interface	1	50010023	50010022				200232	UiSkyGardenShoppingStreetGame		0	200232
200233	200233	0	0	v3.6 Commercial District - Tip Bubbles During Operation Phase	1	50010024	50010022				200233	UiSkyGardenShoppingStreetGame		0	200233
200234	200234	0	0	v3.6 Commercial District - Feedback Bubbles During Operation Phase	1	50010025	50010022				200234	UiSkyGardenShoppingStreetGame		0	200234
200235	200235	0	0	v3.6 Commercial District - On 1-2 Preparation Interface	1	50010026	50010021	50010041	50010042	50010047	200235	UiSkyGardenShoppingStreetGame	FullScreenBackground/ActivityLiBg/BuildingArea/Buildings/GridInsideBuild1/Edit/PanelLock	0	200235
200236	200236	0	0	v3.6 Commercial District - On 1-3 Preparation Interface	1	50010027	50010021	50010041	50010043		200236	UiSkyGardenShoppingStreetGame	FullScreenBackground/ActivityLiBg/BuildingArea/Buildings/GridInsideBuild5/Edit/PanelLock	0	200236
200237	200237	0	0	v3.6 Commercial District - Complete Guide 200236	1	50010021	50010028				200237	UiSkyGardenShoppingStreetGame		0	200237
200238	200238	0	0	v3.6 Commercial District - On 2-1 Preparation Interface	1	50010029	50010021				200238	UiSkyGardenShoppingStreetGame		0	200238
200239	200239	0	0	v3.6 Commercial District - On 2-2 Preparation Interface	1	50010030	50010021	50010044			200239	UiSkyGardenShoppingStreetGame	FullScreenBackground/ActivityLiBg/BuildingArea/Buildings/GridInsideBuild6/Edit/PanelLock	0	200239
200240	200240	0	0	v3.6 Commercial District - On 2-2 Gameplay Interface	1	50010030	50010022				200240	UiSkyGardenShoppingStreetGame		0	200240
200241	200241	0	0	v3.6 Commercial District - On 3-1 Preparation Interface	1	50010031	50010021				200241	UiSkyGardenShoppingStreetGame		0	200241
200242	200242	0	0	v3.6 Commercial District - Complete Guide 200241	1	50010032	50010031	50010021	50010045		200242	UiSkyGardenShoppingStreetGame	FullScreenBackground/ActivityLiBg/BuildingArea/Buildings/GridInsideBuild6/Edit/PanelLock	0	200242
200243	200243	0	0	v3.6 Commercial District - Buildable Outer Ring Buildings	1	50010033	50010034	50010021			200243	UiSkyGardenShoppingStreetGame		0	200243
200244	200244	0	0	v3.6 Commercial District - Complete Guide 200243	1	50010035					200244	UiSkyGardenShoppingStreetBuild	BtnRecommend	0	200244
200245	200245	0	0	v3.6 Commercial District - Sudden Event	1	50010022	50010033	50010036			200245	UiSkyGardenShoppingStreetGame		0	200245
200246	200246	0	0	v3.6 Commercial District - Regular Promotion	1	50010033	50010037				200246	UiSkyGardenShoppingStreetSale		0	200246
200247	200247	0	0	v3.6 Commercial District - Completed Guide 200246	1	50010038	50010033	50010021			200247	UiSkyGardenShoppingStreetGame	TxtBtnChooseSale	0	200247
200248	200248	0	0	v3.6 Commercial District - On 4-1 Preparation Interface	1	50010039	50010021				200248	UiSkyGardenShoppingStreetGame		0	200248
200249	200249	0	0	v3.6 Commercial District - News Interface	1	50010040					200249	UiSkyGardenShoppingStreetToastNews		0	200249
200250	200250	0	0	v3.6 Commercial District - Limited-Time Promotion	1	50010040					200250	UiSkyGardenShoppingStreetLight		0	200250
200251	200251	2	0	v4.2拍照引导1	1	50010301					200251	UiBigWorldPhotographControl		0	200251
200252	200252	2	0	v4.2拍照引导2	1	50010302					200252	UiBigWorldPhotographControl		0	200252
200253	200253	2	0	v4.2拍照引导3	1	50010303					200253	UiBigWorldPhotographControl		0	200253
200254	200254	2	0	v4.2拍照引导4	1	50010304					200254	UiBigWorldPhotographControl		0	200254
200255	200255	0	0	v4.2引航任务	1	50002053					200255	UiBigWorldHud	BtnNews	0	200255
200256	200256	0	0	v4.2历程任务二期	1	50010048					200256	UiBigWorldHud|UiBigWorldProcess		0	200256
200261	200261	0	0	v4.2空域迷航-主界面	1						200261	UiSkyGardenSGDroneMain		0	200261
200262	200262	0	0	v4.2空域迷航-关卡介绍	1						200262	UiSkyGardenSGDronePopupDetail		0	200262
200263	200263	0	0	v4.2空域迷航-101前	1	50010411					200263	UiSkyGardenSGDroneGame		0	200263
200264	200264	0	0	v4.2空域迷航-101中	1	50010411					200264	UiSkyGardenSGDroneGame		0	200264
200265	200265	0	0	v4.2空域迷航-101后	1	50010411					200265	UiSkyGardenSGDroneGame		0	200265
200266	200266	0	0	v4.2空域迷航-102详情	1	50010411					200266	UiSkyGardenSGDroneGame		0	200266
200267	200267	0	0	v4.2空域迷航-102前	1	50010411					200267	UiSkyGardenSGDroneGame		0	200267
200268	200268	0	0	v4.2空域迷航-102中	1	50010411					200268	UiSkyGardenSGDroneGame		0	200268
200269	200269	0	0	v4.2空域迷航-102后	1	50010411					200269	UiSkyGardenSGDroneGame		0	200269
200270	200270	0	0	v4.2空域迷航-201	1	50010411					200270	UiSkyGardenSGDroneGame		0	200270
200271	200271	0	0	v4.2空域迷航-202	1	50010411					200271	UiSkyGardenSGDroneGame		0	200271
200272	200272	0	0	v4.2空域迷航-301	1	50010411					200272	UiSkyGardenSGDroneGame		0	200272
200273	200273	0	0	v4.2空域迷航-401前	1	50010411					200273	UiSkyGardenSGDroneGame		0	200273
200274	200274	0	0	v4.2空域迷航-401后	1	50010411					200274	UiSkyGardenSGDroneGame		0	200274
200275	200275	0	0	v4.2空域迷航-402	1	50010411					200275	UiSkyGardenSGDroneGame		0	200275
200276	200276	0	0	v4.2空域迷航-403	1	50010411					200276	UiSkyGardenSGDroneGame		0	200276
200280	200280	0	0	v4.5法奥斯学院	1						200280	UiBigWorldCollegeBanner		0	200280
200281	200281	0	0	v4.5指挥官DIY优化	1						200281	UiBigWorldDIY	PanelOutfitTab	0	200281
200282	200282	0	0	v4.5历程2.0邀约	1	50003211					200282	UiBigWorldTaskMainInvitation		0	200282
200283	200283	0	0	v4.5历程2.0流程	1	50003222					200283	UiBigWorldHud|UiBigWorldProcess		0	200283
