Id	SceneObjectBase	Animation	Time	StartEffect	SoundCueId
2201	22		1.0	FxSwitchOpen	0
2202	22		0.0	FxSwitchLoop	0
2203	22		2.0	FxSwitchClose1	0
2204	22		2.0	FxSwitchClose2	0
2301	23		0.0	FxSpearPointOpen02	0
2302	23		0.0		0
2401	24		0.0	FxSpearPointOpen01	0
2402	24		0.0		0
2000	20		0.0		0
2001	20		2.0	FxCoverBosstaiIn	0
2002	20		0.0	FxCoverBosstaiLoop	0
2003	20		1.5	FxCoverZhuti01In	0
2004	20		0.0	FxCoverZhuti01Loop	0
2005	20		1.5	FxCoverZhuti02In	0
2006	20		0.0	FxCoverZhuti02Loop	0
2007	20		1.5	FxCoverShengjiangtaiin	0
2008	20		0.0	FxCoverShengjiangtaiLoop	0
6001	50		3.0	FxChestlv09Born	0
7001	61		0.0	FxSkyGardenLedHack	0
8001	370	SG_Zone_Ani_Pingtai02_Stand01	9.0		0
8002	370	SG_Zone_Ani_Pingtai02_Stand02	9.0		0
8003	370	SG_Zone_Ani_Pingtai02_Start	9.0		5500110
8004	370	SG_Zone_Ani_Pingtai02_Return	9.0		5500110
9001	371	SG_Zone_Ani_Junbeiqumen01_Stand	2.0		0
9002	371	SG_Zone_Ani_Junbeiqumen01_Open	2.0		5500116
9003	371	SG_Zone_Ani_Junbeiqumen01_OpenLoop	2.0		0
9004	371	SG_Zone_Ani_Junbeiqumen01_Close	2.0		5500115
9005	389	MovieAction	4.0		0
9006	389	MovieEnd	4.0		5500091
9007	389	MoviePlay	0.0		0
9008	389	MovieWait	0.0		5500090
9009	400	UmbrellaEnd	4.0		0
9010	400	UmbrellaPlay	4.0		5500123
9011	400	UmbrellaWait	0.0		0
9012	445	CaozuotaiAction	3.0		0
9013	445	CaozuotaiPlay	0.0		0
9014	445	CaozuotaiEnd	3.0		0
9015	445	CaozuotaiWait	0.0		0
7003	700320	SG_TR_JH_Wurenji01_LOD0_Xuanzhuan_Loop	0.0		0
9016	447	Door01Action	3.0		5500137
9017	447	Door01Play	0.0		0
9018	447	Door01End	3.0		0
9019	447	Door01Wait	0.0		0
9020	446	Door02Action	3.0		5500161
9021	446	Door02Play	0.0		0
9022	446	Door02End	3.0		0
9023	446	Door02Wait	0.0		0
9024	442	Wuqijia01aAction	3.0		0
9025	442	Wuqijia01aEnd	0.0		0
9026	442	Wuqijia01aPlay	3.0		0
9027	442	Wuqijia01aWait	0.0		0
9028	441	Wuqijia01Action	3.0		0
9029	441	Wuqijia01End	0.0		0
9030	441	Wuqijia01Play	3.0		0
9031	441	Wuqijia01Wait	0.0		0
