StageId	StageContentIds[1]	StageContentIds[2]	StageContentIds[3]	StageContentIds[4]	StageContentIds[5]	StageContentIds[6]	StageContentIds[7]	StageContentIds[8]	StageContentIds[9]	StageContentIds[10]	StageContentIds[11]	StageContentIds[12]	StageContentIds[13]	StageContentIds[14]	StageContentIds[15]	StageContentIds[16]	StageContentIds[17]	StageContentIds[18]	StageContentIds[19]	StageContentIds[20]
100101	1	2	3	4	5	6	7													
100102	8	9	10	11	12	13	14	15	16	17	18	19								
100103	20	21	22	23	24	25	26	27	28	29	30	31								
100104	32	33	34	35	36	37	38	39	40	41	42	43	44	45	46	47				
100105	48	49	50	51	52	53	54	55	56	57	58	59	60	61	62	63				
100106	64	65	66	67	68	69	70	71	72	73	74	75	76	77	78	79	80	81	82	83
100107	84	85	86	87	88	89	90	91	92	93	94	95	96	97	98	99	100	101	102	103
100108	104	105	106	107	108	109	110	111	112	113	114	115	116	117	118	119	120	121	122	123
100109	124	125	126	127	128	129	130	131	132	133	134	135	136	137	138	139	140			
