Id	Name	Desc	ShopNpcId	TraderModelId	NormalIdleAnima	ShopDialog
1	Red Orb Shop	Visit a shop that sells Red Orb battle cards.	101	QR3YalishaMd010011TX	Stand02	Supply and demand... A merchant has to understand both to keep the market fair.
2	Red Orb Shop	Visit a shop that sells Red Orb battle cards.	102	QR2PulaoMd010011TX	Stand02	Great deals on premium goods! Don't miss out!
3	Red Orb Shop	Visit a shop that sells Red Orb battle cards.	103	QR3TwentyoneMd010011TX	Stand02	These should come in handy, right?
4	Supply Shop	Temporary Supply Shop	111	QR2BangbinataMd010011TX	Stand02	Keeping your supplies stocked is important.
5	Red Orb Shop	Visit a shop that sells Red Orb battle cards.	104	QR3YalishaMd010011TX	Stand02	Supply and demand... A merchant has to understand both to keep the market fair.
6	Red Orb Shop	Visit a shop that sells Red Orb battle cards.	105	QR2PulaoMd010011TX	Stand02	Great deals on premium goods! Don't miss out!
7	Red Orb Shop	Visit a shop that sells Red Orb cards.	106	QR3TwentyoneMd010011TX	Stand02	These should come in handy, right?
8	Red Orb Shop	Visit a shop that sells Red Orb cards.	107	QR1ChangyuMd010011TX	Stand02	Welcome! Take your time and look around.
9	Red Orb Shop	Visit a shop that sells Red Orb cards.	108	QR2NuoanMd010011TX	Stand02	Take something with you. It'll come in handy.
10	Supply Shop	Temporary Supply Shop	111	QR2BangbinataMd010011TX	Stand02	Keeping your supplies stocked is important.
11	Blue Orb Shop	Visit a shop that sells Blue Orb battle cards.	109	QR3YalishaMd010011TX	Stand02	Supply and demand... A merchant has to understand both to keep the market fair.
12	Blue Orb Shop	Visit a shop that sells Blue Orb battle cards.	110	QR2PulaoMd010011TX	Stand02	Great deals on premium goods! Don't miss out!
13	Blue Orb Shop	Visit a shop that sells Blue Orb cards.	101	QR3TwentyoneMd010011TX	Stand02	These should come in handy, right?
14	Blue Orb Shop	Visit a shop that sells Blue Orb cards.	102	QR1ChangyuMd010011TX	Stand02	Welcome! Take your time and look around.
15	Blue Orb Shop	Visit a shop that sells Blue Orb cards.	103	QR2NuoanMd010011TX	Stand02	Take something with you. It'll come in handy.
16	Supply Shop	Temporary Supply Shop	111	QR2BangbinataMd010011TX	Stand02	Keeping your supplies stocked is important.
17	Blue Orb Shop	Visit a shop that sells Blue Orb battle cards.	104	QR3YalishaMd010011TX	Stand02	Supply and demand... A merchant has to understand both to keep the market fair.
18	Yellow Orb Shop	Visit a shop that sells Yellow Orb battle cards.	105	QR3YalishaMd010011TX	Stand02	Supply and demand... A merchant has to understand both to keep the market fair.
19	Blue Orb Shop	Visit a shop that sells Blue Orb battle cards.	106	QR3TwentyoneMd010011TX	Stand02	These should come in handy, right?
20	Yellow Orb Shop	Visit a shop that sells Yellow Orb battle cards.	107	QR3TwentyoneMd010011TX	Stand02	These should come in handy, right?
21	Blue Orb Shop	Visit a shop that sells Blue Orb cards.	108	QR1ChangyuMd010011TX	Stand02	Welcome! Take your time and look around.
22	Yellow Orb Shop	Visit a shop that sells Yellow Orb cards.	109	QR1ChangyuMd010011TX	Stand02	Welcome! Take your time and look around.
23	Blue Orb Shop	Visit a shop that sells Blue Orb cards.	110	QR2NuoanMd010011TX	Stand02	Take something with you. It'll come in handy.
24	Yellow Orb Shop	Visit a shop that sells Yellow Orb cards.	101	QR2NuoanMd010011TX	Stand02	Take something with you. It'll come in handy.
25	Blue Orb Shop	Visit a shop that sells Blue Orb cards.	102	QR2BulijiteMd010011TX	Stand02	I'd love to say it's buy three, get one free, but... I'm just an employee.
26	Yellow Orb Shop	Visit a shop that sells Yellow Orb cards.	103	QR2BulijiteMd010011TX	Stand02	I'd love to say it's buy three, get one free, but... I'm just an employee.
27	Supply Shop	Temporary Supply Shop	111	QR2BangbinataMd010011TX	Stand02	Keeping your supplies stocked is important.
28	Red Orb Shop	Visit a shop that sells Red Orb battle cards.	104	QR3YalishaMd010011TX	Stand02	Supply and demand... A merchant has to understand both to keep the market fair.
29	Yellow Orb Shop	Visit a shop that sells Yellow Orb battle cards.	105	QR3YalishaMd010011TX	Stand02	Supply and demand... A merchant has to understand both to keep the market fair.
30	Red Orb Shop	Visit a shop that sells Red Orb battle cards.	106	QR3TwentyoneMd010011TX	Stand02	These should come in handy, right?
31	Yellow Orb Shop	Visit a shop that sells Yellow Orb battle cards.	107	QR3TwentyoneMd010011TX	Stand02	These should come in handy, right?
32	Red Orb Shop	Visit a shop that sells Red Orb cards.	108	QR1ChangyuMd010011TX	Stand02	Welcome! Take your time and look around.
33	Yellow Orb Shop	Visit a shop that sells Yellow Orb cards.	109	QR1ChangyuMd010011TX	Stand02	Welcome! Take your time and look around.
34	Red Orb Shop	Visit a shop that sells Red Orb cards.	110	QR2NuoanMd010011TX	Stand02	Take something with you. It'll come in handy.
35	Yellow Orb Shop	Visit a shop that sells Yellow Orb cards.	101	QR2NuoanMd010011TX	Stand02	Take something with you. It'll come in handy.
36	Red Orb Shop	Visit a shop that sells Red Orb cards.	102	QR2BulijiteMd010011TX	Stand02	I'd love to say it's buy three, get one free, but... I'm just an employee.
37	Yellow Orb Shop	Visit a shop that sells Yellow Orb cards.	103	QR2BulijiteMd010011TX	Stand02	I'd love to say it's buy three, get one free, but... I'm just an employee.
38	Supply Shop	Temporary Supply Shop	111	QR2BangbinataMd010011TX	Stand02	Keeping your supplies stocked is important.
39	Red Orb Shop	Visit a shop that sells Red Orb battle cards.	104	QR3YalishaMd010011TX	Stand02	Supply and demand... A merchant has to understand both to keep the market fair.
40	Yellow Orb Shop	Visit a shop that sells Yellow Orb battle cards.	105	QR3YalishaMd010011TX	Stand02	Supply and demand... A merchant has to understand both to keep the market fair.
41	Blue Orb Shop	Visit a shop that sells Blue Orb battle cards.	106	QR3YalishaMd010011TX	Stand02	Supply and demand... A merchant has to understand both to keep the market fair.
42	Red Orb Shop	Visit a shop that sells Red Orb battle cards.	107	QR2PulaoMd010011TX	Stand02	Great deals on premium goods! Don't miss out!
43	Yellow Orb Shop	Visit a shop that sells Yellow Orb battle cards.	108	QR2PulaoMd010011TX	Stand02	Great deals on premium goods! Don't miss out!
44	Blue Orb Shop	Visit a shop that sells Blue Orb battle cards.	109	QR2PulaoMd010011TX	Stand02	Great deals on premium goods! Don't miss out!
45	Red Orb Shop	Visit a shop that sells Red Orb cards.	110	QR1ChangyuMd010011TX	Stand02	Welcome! Take your time and look around.
46	Yellow Orb Shop	Visit a shop that sells Yellow Orb cards.	101	QR1ChangyuMd010011TX	Stand02	Welcome! Take your time and look around.
47	Blue Orb Shop	Visit a shop that sells Blue Orb cards.	102	QR1ChangyuMd010011TX	Stand02	Welcome! Take your time and look around.
48	Red Orb Shop	Visit a shop that sells Red Orb cards.	103	QR2NuoketiMd010011TX	Stand02	The tag... where did I put the tag?
49	Yellow Orb Shop	Visit a shop that sells Yellow Orb cards.	104	QR2NuoketiMd010011TX	Stand02	The tag... where did I put the tag?
50	Blue Orb Shop	Visit a shop that sells Blue Orb cards.	105	QR2NuoketiMd010011TX	Stand02	The tag... where did I put the tag?
51	Red Orb Shop	Visit a shop that sells Red Orb cards.	106	QR2BulijiteMd010011TX	Stand02	I'd love to say it's buy three, get one free, but... I'm just an employee.
52	Yellow Orb Shop	Visit a shop that sells Yellow Orb cards.	107	QR2BulijiteMd010011TX	Stand02	I'd love to say it's buy three, get one free, but... I'm just an employee.
53	Blue Orb Shop	Visit a shop that sells Blue Orb cards.	108	QR2BulijiteMd010011TX	Stand02	I'd love to say it's buy three, get one free, but... I'm just an employee.
54	Red Orb Shop	Visit a shop that sells Red Orb cards.	109	QR3KuluomuMd010011TX	Stand02	Anything you need?
55	Yellow Orb Shop	Visit a shop that sells Yellow Orb cards.	110	QR3KuluomuMd010011TX	Stand02	Anything you need?
56	Blue Orb Shop	Visit a shop that sells Blue Orb cards.	101	QR3KuluomuMd010011TX	Stand02	Anything you need?
57	Red Orb Shop	Visit a shop that sells Red Orb cards.	102	QR2KamuMd010011TX	Stand02	You've got some tough fights ahead. I'd stock up first if I were you.
58	Yellow Orb Shop	Visit a shop that sells Yellow Orb cards.	103	QR2KamuMd010011TX	Stand02	You've got some tough fights ahead. I'd stock up first if I were you.
59	Blue Orb Shop	Visit a shop that sells Blue Orb cards.	104	QR2KamuMd010011TX	Stand02	You've got some tough fights ahead. I'd stock up first if I were you.
60	Mystery Shop	Visit a shop that sells Signal Orb cards of every color.	111	QR2BangbinataMd010011TX	Stand02	Keeping your supplies stocked is important.
61	Supply Shop	Temporary Supply Shop	111	QR2BangbinataMd010011TX	Stand02	Keeping your supplies stocked is important.
62	Red Orb Shop	Visit a shop that sells Red Orb battle cards.	105	QR3YalishaMd010011TX	Stand02	Supply and demand... A merchant has to understand both to keep the market fair.
63	Yellow Orb Shop	Visit a shop that sells Yellow Orb battle cards.	106	QR3YalishaMd010011TX	Stand02	Supply and demand... A merchant has to understand both to keep the market fair.
64	Blue Orb Shop	Visit a shop that sells Blue Orb battle cards.	107	QR3YalishaMd010011TX	Stand02	Supply and demand... A merchant has to understand both to keep the market fair.
65	Red Orb Shop	Visit a shop that sells Red Orb battle cards.	108	QR2PulaoMd010011TX	Stand02	Great deals on premium goods! Don't miss out!
66	Yellow Orb Shop	Visit a shop that sells Yellow Orb battle cards.	109	QR2PulaoMd010011TX	Stand02	Great deals on premium goods! Don't miss out!
67	Blue Orb Shop	Visit a shop that sells Blue Orb battle cards.	110	QR2PulaoMd010011TX	Stand02	Great deals on premium goods! Don't miss out!
68	Red Orb Shop	Visit a shop that sells Red Orb cards.	101	QR3TwentyoneMd010011TX	Stand02	These should come in handy, right?
69	Yellow Orb Shop	Visit a shop that sells Yellow Orb cards.	102	QR3TwentyoneMd010011TX	Stand02	These should come in handy, right?
70	Blue Orb Shop	Visit a shop that sells Blue Orb cards.	103	QR3TwentyoneMd010011TX	Stand02	These should come in handy, right?
71	Red Orb Shop	Visit a shop that sells Red Orb cards.	104	QR2NuoanMd010011TX	Stand02	Take something with you. It'll come in handy.
72	Yellow Orb Shop	Visit a shop that sells Yellow Orb cards.	105	QR2NuoanMd010011TX	Stand02	Take something with you. It'll come in handy.
73	Blue Orb Shop	Visit a shop that sells Blue Orb cards.	106	QR2NuoanMd010011TX	Stand02	Take something with you. It'll come in handy.
74	Battle Card Shop	Visit a shop that sells battle cards.	107	QR2NuoketiMd010011TX	Stand02	The tag... where did I put the tag?
75	Support Card Shop	Visit a shop that sells support cards.	108	QR2NuoketiMd010011TX	Stand02	The tag... where did I put the tag?
76	Battle Card Shop	Visit a shop that sells battle cards.	109	QR2BulijiteMd010011TX	Stand02	I'd love to say it's buy three, get one free, but... I'm just an employee.
77	Support Card Shop	Visit a shop that sells support cards.	110	QR2BulijiteMd010011TX	Stand02	I'd love to say it's buy three, get one free, but... I'm just an employee.
78	Supply Shop	Temporary Supply Shop	111	QR2BangbinataMd010011TX	Stand02	Keeping your supplies stocked is important.
