Id	CardId	Level	ATK	CD	BallOutPut	BallConsume
1000101	10001	1	10	5000	2	0
1000102	10001	2	20	5000	3	0
1000103	10001	3	34	5000	4	0
1000201	10002	1	9	3000	1	0
1000202	10002	2	15	3000	2	0
1000203	10002	3	23	3000	3	0
1000301	10003	1	10	4000	2	0
1000302	10003	2	18	4000	2	0
1000303	10003	3	29	4000	3	0
1000401	10004	1	13	4000	2	0
1000402	10004	2	16	3000	2	0
1000403	10004	3	16	2000	2	0
1000501	10005	1	14	3000	2	0
1000502	10005	2	18	3000	2	0
1000503	10005	3	24	3000	3	0
1000601	10006	1	24	6000	2	0
1000602	10006	2	24	5000	2	0
1000603	10006	3	30	4000	2	0
1000701	10007	1	45	6000	2	0
1000702	10007	2	55	5500	3	0
1000703	10007	3	60	4500	4	0
1000801	10008	1	14	3000	1	0
1000802	10008	2	18	3000	2	0
1000803	10008	3	24	3000	3	0
1000901	10009	1	16	4000	1	0
1000902	10009	2	24	4000	2	0
1000903	10009	3	32	4000	3	0
1001001	10010	1	32	3000	2	0
1001002	10010	2	44	3000	3	0
1001003	10010	3	58	3000	4	0
1001101	10011	1	15	3000	1	0
1001102	10011	2	20	3000	2	0
1001103	10011	3	25	3000	3	0
1020101	10201	1	17	5000	0	1
1020102	10201	2	22	5000	0	1
1020103	10201	3	23	4000	0	2
1020201	10202	1	11	4000	0	1
1020202	10202	2	17	4000	0	2
1020203	10202	3	25	4000	0	3
1020301	10203	1	10	5000	0	1
1020302	10203	2	20	5000	0	2
1020303	10203	3	30	5000	0	3
1020401	10204	1	160	7000	0	2
1020402	10204	2	205	7000	0	3
1020403	10204	3	265	7000	0	4
1020501	10205	1	27	4000	0	2
1020502	10205	2	37	4000	0	3
1020503	10205	3	49	4000	0	4
1020601	10206	1	30	5000	0	3
1020602	10206	2	39	5000	0	4
1020603	10206	3	51	5000	0	5
1020701	10207	1	180	6000	0	3
1020702	10207	2	234	6000	0	4
1020703	10207	3	306	6000	0	5
1020801	10208	1	34	4000	0	1
1020802	10208	2	44	4000	0	2
1020803	10208	3	58	4000	0	3
1020901	10209	1	94	5000	0	2
1020902	10209	2	122	5000	0	3
1020903	10209	3	160	5000	0	4
1021001	10210	1	185	6000	0	3
1021002	10210	2	240	6000	0	4
1021003	10210	3	310	6000	0	5
1021101	10211	1	22	5000	0	1
1021102	10211	2	28	5000	0	2
1021103	10211	3	37	5000	0	3
1021201	10212	1	38	4000	0	2
1021202	10212	2	49	4000	0	3
1021203	10212	3	64	4000	0	4
1021301	10213	1	77	5000	0	3
1021302	10213	2	100	5000	0	4
1021303	10213	3	130	5000	0	5
2000101	20001	1	12	3000	1	0
2000102	20001	2	18	3000	2	0
2000103	20001	3	26	3000	3	0
2000201	20002	1	13	3000	1	0
2000202	20002	2	19	3000	2	0
2000203	20002	3	27	3000	3	0
2000301	20003	1	15	4000	2	0
2000302	20003	2	22	4000	3	0
2000303	20003	3	34	4000	4	0
2000401	20004	1	22	5000	3	0
2000402	20004	2	32	5000	4	0
2000403	20004	3	46	5000	5	0
2000501	20005	1	10	3000	3	0
2000502	20005	2	16	3000	4	0
2000503	20005	3	24	3000	5	0
2000601	20006	1	37	7000	4	0
2000602	20006	2	58	6000	4	0
2000603	20006	3	78	5000	4	0
2000701	20007	1	40	5000	3	0
2000702	20007	2	60	5000	4	0
2000703	20007	3	99	5000	5	0
2000801	20008	1	30	6000	2	0
2000802	20008	2	40	6000	3	0
2000803	20008	3	54	6000	4	0
2000901	20009	1	35	7000	3	0
2000902	20009	2	40	6000	3	0
2000903	20009	3	45	5000	3	0
2001001	20010	1	58	5000	2	0
2001002	20010	2	77	5000	2	0
2001003	20010	3	82	4000	2	0
2001101	20011	1	30	6000	2	0
2001102	20011	2	40	6000	3	0
2001103	20011	3	50	6000	4	0
2020101	20201	1	48	7000	0	2
2020102	20201	2	66	7000	0	3
2020103	20201	3	84	7000	0	4
2020201	20202	1	64	8000	0	3
2020202	20202	2	86	8000	0	4
2020203	20202	3	112	8000	0	5
2020301	20203	1	46	6000	0	2
2020302	20203	2	60	6000	0	3
2020303	20203	3	76	6000	0	4
2020401	20204	1	120	6000	0	4
2020402	20204	2	140	5500	0	5
2020403	20204	3	160	4500	0	6
2020501	20205	1	90	7000	0	4
2020502	20205	2	120	6500	0	5
2020503	20205	3	150	5500	0	6
2020601	20206	1	143	7000	0	7
2020602	20206	2	186	7000	0	8
2020603	20206	3	243	7000	0	9
2020701	20207	1	98	6000	0	7
2020702	20207	2	127	6000	0	8
2020703	20207	3	167	6000	0	9
2020801	20208	1	34	4000	0	1
2020802	20208	2	44	4000	0	2
2020803	20208	3	58	4000	0	3
2020901	20209	1	94	5000	0	2
2020902	20209	2	122	5000	0	3
2020903	20209	3	160	5000	0	4
2021001	20210	1	182	6000	0	3
2021002	20210	2	240	6000	0	4
2021003	20210	3	313	6000	0	5
2021101	20211	1	43	5000	0	1
2021102	20211	2	56	5000	0	2
2021103	20211	3	73	5000	0	3
2021201	20212	1	75	4000	0	2
2021202	20212	2	97	4000	0	3
2021203	20212	3	127	4000	0	4
2021301	20213	1	153	5000	0	3
2021302	20213	2	199	5000	0	4
2021303	20213	3	260	5000	0	5
3000101	30001	1	15	4000	1	0
3000102	30001	2	22	4000	2	0
3000103	30001	3	33	4000	3	0
3000201	30002	1	22	5000	2	0
3000202	30002	2	29	5000	3	0
3000203	30002	3	39	5000	4	0
3000301	30003	1	10	4000	1	0
3000302	30003	2	20	4000	2	0
3000303	30003	3	30	4000	3	0
3000401	30004	1	20	5000	2	0
3000402	30004	2	23	4000	2	0
3000403	30004	3	23	3000	2	0
3000501	30005	1	17	5000	1	0
3000502	30005	2	23	5000	2	0
3000503	30005	3	30	5000	3	0
3000601	30006	1	50	7000	3	0
3000602	30006	2	65	6000	3	0
3000603	30006	3	80	5000	3	0
3000701	30007	1	20	7000	3	0
3000702	30007	2	30	6000	4	0
3000703	30007	3	40	5000	5	0
3000801	30008	1	18	4000	1	0
3000802	30008	2	25	4000	2	0
3000803	30008	3	32	4000	3	0
3000901	30009	1	20	4000	1	0
3000902	30009	2	27	4000	2	0
3000903	30009	3	35	4000	3	0
3001001	30010	1	36	3000	2	0
3001002	30010	2	47	3000	3	0
3001003	30010	3	62	3000	4	0
3001101	30011	1	15	3000	1	0
3001102	30011	2	20	3000	2	0
3001103	30011	3	25	3000	3	0
3020101	30201	1	8	10000	0	2
3020102	30201	2	11	10000	0	3
3020103	30201	3	15	10000	0	4
3020201	30202	1	7	9000	0	2
3020202	30202	2	10	9000	0	3
3020203	30202	3	13	9000	0	4
3020301	30203	1	6	12000	0	2
3020302	30203	2	8	12000	0	3
3020303	30203	3	10	12000	0	4
3020401	30204	1	18	10000	0	3
3020402	30204	2	25	10000	0	4
3020403	30204	3	34	10000	0	5
3020501	30205	1	12	12000	0	3
3020502	30205	2	16	12000	0	4
3020503	30205	3	24	12000	0	5
3020601	30206	1	20	10000	0	5
3020602	30206	2	26	10000	0	6
3020603	30206	3	34	10000	0	7
3020701	30207	1	25	12000	0	6
3020702	30207	2	32	12000	0	7
3020703	30207	3	42	12000	0	8
3020801	30208	1	6	9000	0	3
3020802	30208	2	8	9000	0	4
3020803	30208	3	11	9000	0	5
3020901	30209	1	17	10000	0	4
3020902	30209	2	22	10000	0	5
3020903	30209	3	29	10000	0	6
3021001	30210	1	28	10000	0	5
3021002	30210	2	36	10000	0	6
3021003	30210	3	47	10000	0	7
3021101	30211	1	8	10000	0	3
3021102	30211	2	11	10000	0	4
3021103	30211	3	14	10000	0	5
3021201	30212	1	14	9000	0	4
3021202	30212	2	18	9000	0	5
3021203	30212	3	24	9000	0	6
3021301	30213	1	30	11000	0	5
3021302	30213	2	40	11000	0	6
3021303	30213	3	52	11000	0	7
