Id	IsSuitPart	IsPreview	Name	Description	WorldDescription	ItemIcon	GoodsIcon	GoodsName	ObtainDesc	Quality	Priority	TypeId	ResId[1]	ResId[2]	ConvertItemId[1]	ConvertItemId[2]	ConvertItemCount[1]	ConvertItemCount[2]	IncompatibleType[1]	IncompatibleType[2]	IncompatibleType[3]	Parts[1]	Parts[2]	Parts[3]	Parts[4]	IncompatiblePartIds[1]	IncompatiblePartIds[2]	SkipID[1]	SkipID[2]
29001002	0	0	Commandant Uniform							3	3	1	10021	10022															
29001101	1	0	Set Outfit 1							3	1	1	11011	11012															
29001102	1	0	Set Costume 2							3	1	1	11021	11022															
29002001	0	0	Face 2							3	2	2	20011	20012															
29002002	0	0	Face 1							3	3	2	20021	20022															
29002101	1	0	Set Face 1							3	2	2	21011	21012															
29002102	1	0	Set Face 2							3	2	2	21021	21022															
29003001	0	0	Hairstyle 2							3	1	3	30011	30012															
29003002	0	0	Hairstyle 3							3	1	3	30021	30022															
29003003	0	0	Hairstyle 4							3	1	3	30031	30032															
29003004	0	0	Hairstyle 1							3	2	3	30041	30042															
29003005	0	0	Hairstyle 5							3	1	3	30051	30052															
29003006	0	0	Hairstyle 6							3	1	3	30061	30062															
29003101	1	0	Set Hairstyle 1							5	2	3	31011	31012															
29003102	1	0	Set Hairstyle 1							5	2	3	31021	31022															
29004001	0	0	Accessory 1							4	1	4	40011	40012															
29004002	0	0	Accessory 2							5	1	4	40021	40022															
29004003	0	1	Tiny Lucia	Commandant accessory. Obtained after completing specified Whispers of Love Story.	She gently grips the fabric at your side, peeking her head out from the edge. Tiny as she is, she never forgets to keep watch over the surroundings. "Commandant, it looks like someone over there needs help. Let's go check it out."					5	1	4	40031	40032															
29004004	0	1	Tiny Liv	Commandant accessory. Obtained after completing the specified Invitation Mission.	She holds you close, gently brushing away the pain of the past. "Commandant, please take care of yourself. Just like this. Safe and steady, side by side..."					5	1	4	40041	40042															
29004005	0	1	Tiny Selena	Commandant accessory. Obtained after completing the specified Invitation Mission.	Cherishing this moment by your side. Like the sky clearing after rain, it's happiness in its simplest form. "A pause free of worries, a breath amid a busy journey. I want to spend it just like this, with you."					5	1	4	40051	40052															
29004006	0	0	Unofficial Resource	Unofficial Resource	Unofficial Resource					5	1	4	40061	40062															
29004007	0	1	Tiny Lee	Commandant accessory. Obtained after completing the specified Invitation Mission.	"I'm still not fully comfortable with the tracker. Keeping things this way lets me monitor your safety more effectively." Lee says this with his usual certainty.					5	1	4	40071	40072															
29004008	0	1	Tiny Kamui	Commandant accessory. Obtained after completing the specified Invitation Mission.	The little guy swings his legs as he snuggles close in your arms, eyes sparkling with excitement. "There are so many fun and happy times I want to experience with Commandant! I'm not going anywhere—I'm going to stick close to you!"					5	1	4	40081	40082															
29004009	0	1	Tiny Alpha	Commandant accessory. Obtained after completing the specified Invitation Mission.	Though the handcuffs have been removed, that doesn't mean the connection will simply fade away. The tiny traces left behind from their first meeting have already grown deeper and more intricate than they could have ever imagined, quietly taking root and spreading outward with the little her as the starting point.					5	1	4	40091	40092															
29004101	1	0	Set Accessory 1							5	1	4	41011	41012															
29990001	0	0	Custom Power Armor							5	1	99	900011	900012					1	2	3	29001101	29002101	29003101	29004101				
29990002	0	1	Raven Regalia	Commander costume. No acquisition method available yet. Stay tuned.	A formal attire custom-tailored for the medal ceremony. To showcase the Gray Raven Commandant's leading role, the shoulder boards and mask feature patterns incorporating the squad's insignia, while the feather motifs add a certain sharpness to the solemn ceremony.	Assets/Product/Texture/Image/BigWorld/Common/UiBigWorldDIYClo/UiBigWorldDIYCloChiefbMd03001SG.png	Assets/Product/Texture/Image/IconCoating/IconCoatingBigWorldDIY29990002.png	Raven Regalia—Commandant	Obtain Babylonia—Raven Regalia	5	1	99	900021	900022					1	2	3	29001102	29002102	29003102					
